A 8072 9806 0.495865
B 13618 1556 0.646718
C 7115 8899 0.300729
D 14581 587 0.070009
E 12199 3709 0.803339
F 5545 643 0.200140
G 12269 3101 0.108676
H 14192 13028 0.458388
I 9704 9731 0.824122
J 11156 5681 0.633656
K 5305 2669 0.042146
L 9362 12226 0.801050
M 6986 3617 0.199530
N 10838 7696 0.303659
O 7216 9952 0.821924
P 9254 5468 0.790796
Q 3515 13306 0.595325
R 5519 8545 0.650380
S 11878 3262 0.871731
T 4588 7156 0.193121
U 12827 9971 0.241005
V 7267 9812 0.757897
W 12185 3347 0.811975
X 7448 2299 0.645772
Y 1007 2125 0.963561
Z 2671 2902 0.573107
AA 13355 451 0.181585
AB 12400 7198 0.288461
AC 7592 292 0.808710
AD 11432 9220 0.251106
AE 7447 14804 0.732505
AF 9827 14725 0.941588
AG 12247 437 0.844172
AH 10337 4075 0.596576
AI 11288 4730 0.139836
AJ 12929 674 0.052187
AK 5803 5309 0.238166
AL 3607 9974 0.069399
AM 6185 1804 0.472121
AN 6827 1037 0.126774
AO 2695 1109 0.206885
AP 3104 12007 0.323832
AQ 14767 7906 0.264779
AR 11996 6515 0.868557
AS 485 973 0.925230
AT 5059 1738 0.749077
AU 12536 2303 0.541154
AV 2923 1922 0.739036
AW 9983 6203 0.993744
AX 12061 3367 0.981140
AY 7138 5672 0.624195
AZ 5968 12382 0.161870
BA 10735 14980 0.556322
BB 1619 1733 0.853755
BC 2734 14549 0.083316
BD 12365 2348 0.088443
BE 8966 8620 0.661916
BF 1343 2590 0.757714
BG 13345 12961 0.659474
BH 986 1913 0.142827
BI 3311 1064 0.964019
BJ 7439 14107 0.876949
BK 11962 7175 0.512558
BL 1988 3221 0.066408
BM 1553 3184 0.351939
BN 10906 11272 0.270577
BO 5539 494 0.634938
BP 2576 8528 0.679403
BQ 4183 281 0.607440
BR 13303 10105 0.269265
BS 2951 2150 0.774621
BT 71 5650 0.079043
BU 5737 11513 0.680471
BV 8665 1492 0.154637
BW 4403 4118 0.711997
BX 3766 8173 0.292947
BY 4025 121 0.677816
BZ 7768 2191 0.590930
CA 13348 9715 0.233802
CB 1348 4888 0.105838
CC 3566 12844 0.158361
CD 4709 13253 0.777184
CE 5357 13649 0.648274
CF 9608 9650 0.279458
CG 12142 12320 0.828883
CH 14368 1417 0.788903
CI 2440 13519 0.184729
CJ 3245 11797 0.883267
CK 14923 7039 0.233619
CL 14966 5281 0.077914
CM 7255 6097 0.122044
CN 5054 9754 0.955535
CO 4243 791 0.532334
CP 7583 6460 0.599292
CQ 5050 2095 0.989105
CR 724 10871 0.213233
CS 11159 9394 0.959349
CT 7703 2113 0.533799
CU 12488 10193 0.681356
CV 5831 6548 0.029450
CW 13570 6803 0.058351
CX 11486 7430 0.074862
CY 7166 13828 0.837245
CZ 8024 2279 0.397015
DA 5329 3392 0.286569
DB 9395 6332 0.248878
DC 1276 1904 0.318033
DD 3763 12722 0.097354
DE 1901 1742 0.081088
DF 2153 7958 0.237190
DG 13817 10621 0.134983
DH 6727 14638 0.793390
DI 1414 14494 0.982635
DJ 12757 11432 0.169103
DK 9142 11245 0.667348
DL 5705 10325 0.264321
DM 1270 8653 0.909055
DN 10294 1387 0.854060
DO 5291 1853 0.515397
DP 7244 11888 0.502609
DQ 11927 11024 0.173620
DR 7432 2009 0.422193
DS 14251 10928 0.831782
DT 11921 2240 0.890347
DU 1400 9058 0.340587
DV 10102 2588 0.341777
DW 691 1186 0.475295
DX 9169 4204 0.174810
DY 14344 5257 0.512772
DZ 4388 1544 0.782434
EA 10573 7082 0.830531
EB 4079 9215 0.461562
EC 2870 7559 0.144414
ED 2560 14755 0.792627
EE 2207 4496 0.637257
EF 2594 5458 0.943693
EG 2683 4888 0.973235
EH 4826 4796 0.260598
EI 1652 5258 0.673605
EJ 10918 11083 0.586322
EK 1085 6788 0.165105
EL 1498 14447 0.127079
EM 7738 8131 0.636097
EN 13217 13114 0.484970
EO 3776 13109 0.265969
EP 8470 6268 0.818812
EQ 11062 5911 0.061068
ER 2599 10315 0.116214
ES 6713 989 0.053407
ET 11729 3116 0.371288
EU 11515 3277 0.630665
EV 9326 12139 0.200140
EW 3592 14059 0.882992
EX 9761 4883 0.210181
EY 13465 227 0.707358
EZ 6284 8834 0.392315
FA 11017 1567 0.621937
FB 2477 1901 0.059206
FC 1564 2344 0.440657
FD 5804 3872 0.525071
FE 8333 8494 0.765007
FF 1838 8042 0.943968
FG 2347 2809 0.290262
FH 7703 8863 0.616047
FI 8674 11344 0.825343
FJ 3481 4684 0.760186
FK 9304 640 0.308206
FL 955 4684 0.363323
FM 10507 676 0.594623
FN 11 6137 0.375134
FO 73 11578 0.025391
FP 4006 8713 0.345439
FQ 12074 4013 0.366131
FR 1639 1772 0.731101
FS 5059 4177 0.284677
FT 6934 10526 0.645192
FU 9010 8029 0.714286
FV 7940 5501 0.919370
FW 356 5192 0.865352
FX 253 9221 0.116184
FY 13052 3212 0.924863
FZ 13645 14492 0.693869
GA 5885 8728 0.242256
GB 5569 7879 0.010804
GC 13328 7013 0.669088
GD 13495 1147 0.392834
GE 10693 6860 0.323679
GF 230 6844 0.187811
GG 12013 14281 0.015717
GH 10595 4463 0.737663
GI 4126 689 0.510941
GJ 14381 1343 0.619221
GK 11764 4214 0.374889
GL 3904 8611 0.477126
GM 2033 820 0.924589
GN 9464 14911 0.414563
GO 4399 1372 0.467055
GP 7996 12076 0.346385
GQ 76 12565 0.139927
GR 1387 1124 0.081545
GS 11222 6970 0.911344
GT 2978 1438 0.308969
GU 197 14203 0.276589
GV 6727 13159 0.241676
GW 5507 14980 0.526658
GX 1051 14849 0.550859
GY 13664 14513 0.784631
GZ 8407 5450 0.519883
HA 11032 131 0.939604
HB 2782 5399 0.195135
HC 1226 14194 0.772271
HD 14231 436 0.826502
HE 4244 11257 0.592425
HF 1870 11501 0.206244
HG 6868 5428 0.218116
HH 11461 14410 0.750786
HI 110 12290 0.745567
HJ 691 3269 0.452315
HK 10003 7945 0.912046
HL 680 1513 0.284371
HM 10132 10970 0.567675
HN 436 3346 0.394482
HO 1840 9310 0.468093
HP 9758 8056 0.593768
HQ 7225 9064 0.907682
HR 2414 2087 0.371929
HS 13817 14567 0.253700
HT 3665 2171 0.059969
HU 3689 358 0.841792
HV 7406 14047 0.951445
HW 8231 6947 0.578448
HX 832 5060 0.305063
HY 11200 7363 0.590045
HZ 1426 11158 0.309946
IA 13196 14872 0.986480
IB 11770 5666 0.423261
IC 3091 9823 0.895505
ID 8219 10852 0.119358
IE 6829 12872 0.996063
IF 2675 3032 0.136204
IG 4405 131 0.460189
IH 2582 3215 0.901791
II 1997 3956 0.130222
IJ 2570 4343 0.090579
IK 10226 12077 0.531449
IL 14023 13237 0.324290
IM 5020 5267 0.582354
IN 2848 2849 0.017396
IO 2708 8830 0.232246
IP 13843 3005 0.402081
IQ 7973 14845 0.359813
IR 11945 12629 0.970855
IS 10501 11522 0.729667
IT 2225 3124 0.078249
IU 1099 14278 0.250343
IV 3754 12955 0.366405
IW 13711 11219 0.834773
IX 5564 1682 0.149602
IY 6008 142 0.454176
IZ 11989 13303 0.036439
JA 14477 5434 0.128025
JB 8108 818 0.006684
JC 325 6745 0.226051
JD 4799 12593 0.021973
JE 10763 1990 0.203772
JF 11879 14287 0.157140
JG 10213 4574 0.370586
JH 5060 12023 0.319620
JI 12518 2329 0.127659
JJ 12572 13358 0.000855
JK 2375 203 0.935270
JL 2494 11779 0.302438
JM 949 3673 0.700705
JN 11600 10576 0.826136
JO 6809 7228 0.943937
JP 5602 13421 0.033265
JQ 319 8831 0.623554
JR 3581 11045 0.494980
JS 1289 3964 0.515427
JT 9143 9277 0.189398
JU 10456 7108 0.155309
JV 13507 9031 0.786767
JW 14458 2323 0.210761
JX 5716 3676 0.817255
JY 74 1931 0.359844
JZ 9593 14776 0.868831
KA 11995 11330 0.952239
KB 4303 11566 0.636158
KC 14170 4552 0.533860
KD 6983 6593 0.862697
KE 14426 9493 0.358776
KF 1805 13904 0.109348
KG 5768 5693 0.910489
KH 14048 1561 0.974883
KI 5002 10433 0.841273
KJ 13300 5639 0.001526
KK 1646 820 0.231788
KL 4685 9947 0.160802
KM 1504 6001 0.300821
KN 12362 6802 0.641438
KO 8 6550 0.284463
KP 7784 5750 0.790765
KQ 6817 12038 0.774957
KR 6817 8471 0.608264
KS 8044 1240 0.991882
KT 11225 1789 0.286325
KU 1466 3551 0.874203
KV 1042 536 0.060549
KW 665 13240 0.156560
KX 1660 9379 0.196570
KY 11168 2752 0.354015
KZ 2566 10597 0.426649
LA 13331 8288 0.447157
LB 5669 5159 0.682333
LC 5972 5239 0.664815
LD 4372 4378 0.674947
LE 7642 11849 0.722648
LF 5414 2387 0.877255
LG 5863 5879 0.824427
LH 7144 13621 0.883236
LI 4655 6158 0.288888
LJ 8363 4541 0.094821
LK 13163 11360 0.456526
LL 12874 14113 0.325297
LM 3397 8033 0.180090
LN 14272 160 0.349773
LO 1298 311 0.338908
LP 760 5233 0.794275
LQ 3683 2908 0.059542
LR 4864 7487 0.162542
LS 13147 14485 0.305216
LT 7672 10724 0.380657
LU 7765 5194 0.833430
LV 10933 7813 0.115757
LW 5455 1973 0.843898
LX 8171 7402 0.424451
LY 3719 12310 0.570788
LZ 14212 12146 0.131687
MA 44 4166 0.238166
MB 688 2255 0.859645
MC 6793 13988 0.824610
MD 232 10795 0.938627
ME 539 9997 0.590991
MF 7294 7828 0.670339
MG 11875 6767 0.946348
MH 12686 8729 0.695914
MI 9001 11006 0.578143
MJ 1828 1547 0.676504
MK 1366 4496 0.488693
ML 10966 7297 0.245857
MM 2729 2164 0.273904
MN 8281 5428 0.369060
MO 2626 2134 0.290017
MP 3523 5935 0.961089
MQ 2974 12883 0.892636
MR 4789 310 0.012177
MS 4184 8771 0.334086
MT 2069 2840 0.656636
MU 6098 2504 0.790033
MV 266 3229 0.731986
MW 8966 6296 0.978881
MX 6262 13088 0.535112
MY 12032 7909 0.568133
MZ 674 12454 0.810480
NA 9064 385 0.648274
NB 13340 3289 0.633900
NC 6437 5729 0.627247
ND 10192 6133 0.903134
NE 2410 2980 0.580767
NF 2141 12166 0.742882
NG 9130 5417 0.009278
NH 325 8075 0.399091
NI 208 13417 0.727989
NJ 2213 950 0.261849
NK 5681 9583 0.875576
NL 2774 13652 0.642842
NM 578 2630 0.397717
NN 10739 14761 0.966002
NO 5843 2981 0.463240
NP 8539 4844 0.235694
NQ 2090 1748 0.734886
NR 2620 8948 0.148259
NS 13861 3239 0.863948
NT 14830 6655 0.136418
NU 341 8497 0.633747
NV 107 9701 0.107669
NW 4585 3752 0.468642
NX 9530 874 0.779138
NY 172 13727 0.175970
NZ 4982 4697 0.451765
OA 70 7807 0.421918
OB 8470 11444 0.927732
OC 14389 2260 0.187658
OD 5696 10609 0.182592
OE 10871 2558 0.930082
OF 2587 191 0.485336
OG 8167 12055 0.009064
OH 6427 8174 0.034303
OI 9152 8707 0.766350
OJ 170 3047 0.977660
OK 12503 6647 0.071352
OL 4570 14194 0.031739
OM 3584 7888 0.817164
ON 1430 346 0.928648
OO 10946 3283 0.373272
OP 3919 1918 0.738334
OQ 9107 3368 0.013153
OR 5410 724 0.847865
OS 10343 1646 0.452498
OT 8984 2651 0.162206
OU 7070 374 0.488784
OV 2339 167 0.047639
OW 12491 6593 0.944395
OX 10147 10738 0.789300
OY 7615 10993 0.314005
OZ 13411 1088 0.009247
PA 623 14411 0.322672
PB 4583 11608 0.712088
PC 13685 10454 0.642323
PD 7310 3820 0.516526
PE 10238 7291 0.915433
PF 7253 9773 0.322886
PG 12577 5840 0.618122
PH 1525 4213 0.275735
PI 1552 13613 0.790246
PJ 1355 6589 0.540300
PK 5641 3965 0.887936
PL 11168 2534 0.240944
PM 6164 11248 0.602130
PN 13319 6566 0.037446
PO 12530 14275 0.058809
PP 10663 1490 0.362621
PQ 7949 788 0.998383
PR 724 8258 0.441389
PS 14932 1418 0.947661
PT 1258 8503 0.979308
PU 1726 1451 0.673391
PV 1762 10561 0.971313
PW 12031 13733 0.965423
PX 8564 6662 0.570269
PY 12716 2821 0.668020
PZ 11248 6083 0.485488
QA 767 5887 0.479720
QB 905 2963 0.088626
QC 8774 7283 0.006592
QD 3415 7471 0.405011
QE 5195 11132 0.499832
QF 3364 11638 0.592822
QG 241 13121 0.265786
QH 13940 6793 0.483077
QI 937 5329 0.527696
QJ 3181 9157 0.395978
QK 11788 6655 0.168432
QL 14920 1066 0.888882
QM 12526 4199 0.918424
QN 854 3290 0.451613
QO 8560 8855 0.797082
QP 13556 6946 0.574725
QQ 3986 6908 0.594775
QR 6556 13471 0.194220
QS 3526 10120 0.519944
QT 3931 3976 0.395093
QU 6745 12173 0.458480
QV 2033 12323 0.553880
QW 1646 2720 0.223853
QX 2809 7069 0.946226
QY 4664 14242 0.342936
QZ 4352 5678 0.363292
RA 13789 5296 0.947356
RB 8857 4310 0.595325
RC 6902 6037 0.850276
RD 12560 3208 0.876278
RE 8957 10847 0.507859
RF 1031 4813 0.668050
RG 5834 13073 0.917264
RH 145 11609 0.616260
RI 4822 5728 0.217200
RJ 9847 7054 0.262764
RK 4046 5734 0.453413
RL 12685 4571 0.273568
RM 13226 3557 0.278237
RN 13141 10532 0.660604
RO 12814 1658 0.894986
RP 3730 14834 0.870418
RQ 13205 5978 0.957213
RR 8266 8825 0.799860
RS 5066 1001 0.018860
RT 4837 1249 0.912107
RU 13220 13870 0.124882
RV 12286 3578 0.783746
RW 14368 2111 0.859890
RX 428 11533 0.743370
RY 12550 12787 0.261299
RZ 9881 6557 0.890164
SA 11512 3425 0.075503
SB 3215 14678 0.828547
SC 11296 12140 0.516160
SD 9395 11860 0.051759
SE 3394 7994 0.601398
SF 8497 1244 0.174139
SG 14363 9910 0.920499
SH 10961 10393 0.276101
SI 11569 8606 0.941893
SJ 13837 6308 0.613269
SK 5128 1951 0.341929
SL 5657 5429 0.973296
SM 2747 587 0.938871
SN 12503 2335 0.169286
SO 7199 4096 0.278054
SP 11954 500 0.661184
SQ 12002 12302 0.362957
SR 1330 12733 0.219214
SS 13403 1190 0.081515
ST 11822 3326 0.015931
SU 2459 1976 0.170751
SV 2081 11648 0.673940
SW 7258 6374 0.710166
SX 3430 9712 0.737205
SY 5738 8186 0.771752
SZ 12116 13171 0.895260
TA 2300 11077 0.596759
TB 11359 11066 0.196356
TC 9365 5308 0.148869
TD 3452 7339 0.567858
TE 14912 11174 0.731223
TF 13736 5180 0.336833
TG 7787 9566 0.176183
TH 3490 7655 0.244911
TI 9307 11135 0.549821
TJ 7031 9851 0.795007
TK 4243 257 0.977660
TL 13006 14963 0.786676
TM 6751 736 0.724479
TN 3838 2444 0.710715
TO 9263 1994 0.670705
TP 4940 1790 0.409894
TQ 9542 13898 0.446364
TR 14579 7198 0.195868
TS 12038 481 0.338206
TT 262 6760 0.567858
TU 148 11521 0.297372
TV 11504 11075 0.930021
TW 2293 4718 0.572954
TX 368 1478 0.378735
TY 163 8023 0.303262
TZ 3445 11660 0.851588
UA 434 2213 0.437727
UB 3743 11635 0.821924
UC 9389 13378 0.262093
UD 4193 187 0.413617
UE 10474 6517 0.185644
UF 9145 11567 0.420362
UG 5666 3584 0.941862
UH 103 13366 0.372906
UI 3223 718 0.583575
UJ 7070 206 0.628315
UK 8273 5771 0.241005
UL 6460 10511 0.580615
UM 10223 5965 0.183172
UN 11558 6169 0.642659
UO 2894 2474 0.905667
UP 4396 9337 0.743980
UQ 13610 2011 0.382611
UR 14579 1993 0.856807
US 7690 1784 0.897122
UT 892 8054 0.627430
UU 12769 12178 0.623341
UV 379 11389 0.676107
UW 6925 10987 0.003479
UX 10312 2071 0.661763
UY 11662 14900 0.565264
UZ 4786 6896 0.913266
VA 1442 3248 0.789514
VB 7813 11002 0.430403
VC 11843 11527 0.584124
VD 11129 7826 0.482376
VE 11843 12596 0.477432
VF 14443 12242 0.001190
VG 14818 2551 0.434950
VH 761 13918 0.610981
VI 12721 1175 0.853938
VJ 11887 8965 0.572985
VK 3901 9734 0.425306
VL 182 6455 0.287942
VM 10444 11036 0.795709
VN 13285 2114 0.404920
VO 8455 8416 0.942076
VP 10025 14843 0.166723
VQ 8822 2425 0.508164
VR 2414 9626 0.498184
VS 5560 3500 0.675314
VT 13082 6802 0.642567
VU 5677 9620 0.070711
VV 7378 12895 0.998047
VW 4553 6785 0.383404
VX 4756 2881 0.321787
VY 5840 5726 0.382458
VZ 2231 1217 0.785730
WA 254 2353 0.542802
WB 10774 7561 0.603015
WC 12649 14903 0.101993
WD 9956 8824 0.228095
WE 10393 5242 0.726249
WF 6431 1843 0.588031
WG 6535 6479 0.675130
WH 292 8908 0.554643
WI 11359 12557 0.053468
WJ 7754 374 0.041597
WK 3193 4984 0.044191
WL 1774 12761 0.829890
WM 13651 7417 0.557665
WN 5864 14620 0.619068
WO 7211 65 0.132908
WP 6244 11170 0.990448
WQ 13582 7097 0.811823
WR 2209 1976 0.079775
WS 12706 12157 0.700064
WT 14581 14930 0.915220
WU 91 3575 0.658650
WV 6832 3046 0.706320
WW 10426 4696 0.656484
WX 5212 9401 0.997528
WY 10079 13493 0.387677
WZ 4831 251 0.646779
XA 10228 4264 0.438307
XB 13997 3329 0.187841
XC 101 4058 0.203406
XD 2462 1871 0.400189
XE 5848 5492 0.530900
XF 12211 5729 0.976440
XG 1132 2845 0.328166
XH 4550 278 0.163060
XI 7645 12170 0.736717
XJ 12829 7312 0.283334
XK 6968 5455 0.583575
XL 8788 9397 0.255989
XM 7706 10381 0.281137
XN 3448 7370 0.726371
XO 13547 14852 0.794244
XP 1345 11080 0.349132
XQ 4609 6799 0.350017
XR 7064 13592 0.233802
XS 14945 14638 0.857387
XT 14170 7804 0.705222
XU 8039 10615 0.152470
XV 1243 1726 0.472365
XW 10778 1691 0.822443
XX 3406 3086 0.158940
XY 14939 3815 0.102908
XZ 13099 13811 0.057802
YA 7279 10616 0.823908
YB 14302 3610 0.051485
YC 10480 10655 0.215979
YD 7715 8122 0.017792
YE 5459 6169 0.211676
YF 1387 1339 0.838649
YG 11374 12937 0.307993
YH 1948 9428 0.475265
YI 13249 6704 0.722282
YJ 4853 11144 0.591754
YK 9187 974 0.099002
YL 1130 6796 0.021485
YM 10208 12802 0.034913
YN 6250 4484 0.109897
YO 949 8390 0.808771
YP 6220 5825 0.747154
YQ 11794 8735 0.555986
YR 1976 1900 0.862300
YS 772 226 0.340709
YT 3493 380 0.400342
YU 3208 2584 0.775872
YV 3262 6014 0.478957
YW 5350 11189 0.647572
YX 8224 3634 0.640492
YY 11684 7138 0.041871
YZ 11483 2071 0.009888
ZA 9674 2042 0.372356
ZB 2657 7814 0.856471
ZC 11294 10423 0.090701
ZD 4670 8860 0.669729
ZE 2732 6109 0.358501
ZF 8465 2584 0.518082
ZG 14983 9053 0.184668
ZH 4175 4114 0.287942
ZI 3214 3632 0.122929
ZJ 2876 6326 0.529527
ZK 13768 1339 0.194891
ZL 6743 13244 0.182714
ZM 2047 6250 0.885617
ZN 3593 10205 0.553392
ZO 12811 6001 0.475906
ZP 1381 5726 0.677450
ZQ 1709 3175 0.249641
ZR 997 6875 0.774285
ZS 10982 2738 0.874722
ZT 14828 5933 0.978484
ZU 6398 8162 0.125523
ZV 6247 14576 0.070467
ZW 3544 70 0.718375
ZX 964 9623 0.633137
ZY 71 2405 0.993225
ZZ 8432 1726 0.062716
AAA 9677 14599 0.124119
AAB 12680 1226 0.286264
AAC 6173 8689 0.095737
AAD 14527 9467 0.008637
AAE 12661 10396 0.475173
AAF 6838 1418 0.954680
AAG 8503 3832 0.658498
AAH 418 3022 0.011536
AAI 13870 14873 0.406476
AAJ 5560 6736 0.537614
AAK 4775 10675 0.727378
AAL 14132 10300 0.512497
AAM 13135 14258 0.143986
AAN 3032 14989 0.782617
AAO 1382 3922 0.719932
AAP 7055 9356 0.534379
AAQ 11617 5185 0.541185
AAR 4403 11570 0.424879
AAS 3284 13810 0.283181
AAT 2576 655 0.646596
AAU 6716 8320 0.656423
AAV 3121 7735 0.719535
AAW 6947 61 0.551897
AAX 9754 2380 0.119236
AAY 4040 14452 0.215430
AAZ 4595 10348 0.084902
ABA 11692 9313 0.400647
ABB 8696 8066 0.235450
ABC 9257 4456 0.801996
ABD 9791 14848 0.076174
ABE 5926 1114 0.784326
ABF 12974 1600 0.230811
ABG 12691 13562 0.120975
ABH 9883 9422 0.407575
ABI 3392 10514 0.759789
ABJ 4075 1199 0.828303
ABK 1642 11675 0.177496
ABL 8264 13537 0.242470
ABM 14353 7427 0.283151
ABN 12946 10736 0.837825
ABO 10093 3749 0.715751
ABP 1744 5723 0.469436
ABQ 2864 10687 0.376202
ABR 12377 299 0.788903
ABS 11633 10093 0.761284
ABT 685 3748 0.183691
ABU 10421 12926 0.755669
ABV 4157 3109 0.065310
ABW 11858 7711 0.610675
ABX 12280 13588 0.092257
ABY 8377 13451 0.519059
ABZ 5605 13454 0.510483
ACA 10412 9280 0.112217
ACB 9293 8831 0.061525
ACC 266 12403 0.981079
ACD 7906 2827 0.972198
ACE 8668 5257 0.581317
ACF 3424 2573 0.526627
ACG 11873 358 0.253975
ACH 12334 11866 0.755547
ACI 2543 8681 0.194250
ACJ 8194 8632 0.980193
ACK 7190 14963 0.665975
ACL 7769 3305 0.453200
ACM 2369 1814 0.204657
ACN 1264 3277 0.260598
ACO 6430 14425 0.611103
ACP 2942 14074 0.120640
ACQ 4052 4105 0.825434
ACR 2021 14057 0.857418
ACS 8972 385 0.924772
ACT 365 755 0.266640
ACU 12790 12130 0.120792
ACV 14999 7348 0.953246
ACW 6899 850 0.378033
ACX 14300 10300 0.626362
ACY 6196 5425 0.752007
ACZ 5089 1604 0.420667
ADA 2599 4858 0.385205
ADB 4034 12440 0.186590
ADC 11887 12743 0.919706
ADD 10252 11530 0.493149
ADE 8720 3698 0.517747
ADF 670 5653 0.431959
ADG 7610 2053 0.347942
ADH 1504 11063 0.328227
ADI 5557 5390 0.918790
ADJ 1892 9137 0.280068
ADK 5389 6295 0.652730
ADL 12001 9118 0.182287
ADM 1699 1349 0.211615
ADN 6442 836 0.675436
ADO 1223 7933 0.938932
ADP 742 4882 0.415265
ADQ 7091 1220 0.996246
ADR 175 8245 0.309702
ADS 5077 3824 0.969695
ADT 11030 13739 0.044282
ADU 14506 4709 0.527390
ADV 12727 14407 0.438215
ADW 2746 10900 0.751671
ADX 1751 8149 0.064852
ADY 9247 7220 0.668050
ADZ 12895 977 0.260720
AEA 184 3062 0.880245
AEB 14069 3101 0.258248
AEC 3190 11563 0.712119
AED 2368 2392 0.835139
AEE 8354 5065 0.488052
AEF 9130 1010 0.704184
AEG 9560 7496 0.169836
AEH 5788 302 0.993622
AEI 11188 7936 0.140843
AEJ 154 13450 0.717215
AEK 2119 3763 0.110080
AEL 427 10291 0.229072
AEM 12847 5756 0.524461
AEN 3737 11879 0.425611
AEO 5240 11168 0.152867
AEP 4018 1192 0.021241
AEQ 10966 13376 0.266335
AER 12119 12305 0.711814
AES 4030 14723 0.705985
AET 9130 11755 0.571001
AEU 3845 5798 0.735893
AEV 239 8747 0.732719
AEW 9842 3268 0.539598
AEX 8489 5080 0.411390
AEY 5876 11276 0.166692
AEZ 7801 4270 0.738914
AFA 11549 8047 0.292581
AFB 8000 10348 0.864772
AFC 9781 6229 0.945250
AFD 941 4681 0.411451
AFE 1435 3562 0.003967
AFF 8308 3256 0.813898
AFG 5884 9274 0.408795
AFH 499 4442 0.435041
AFI 6145 6452 0.263894
AFJ 8633 3803 0.756829
AFK 8761 3074 0.997497
AFL 11377 656 0.526200
AFM 3932 8974 0.077059
AFN 10222 6910 0.613117
AFO 2093 1459 0.103000
AFP 9934 2368 0.635243
AFQ 2026 6938 0.033143
AFR 12212 3928 0.251228
AFS 7316 11210 0.458907
AFT 671 4114 0.540910
AFU 12718 542 0.877468
AFV 14219 6118 0.205206
AFW 862 10291 0.415113
AFX 7538 3578 0.556352
AFY 1525 14453 0.075655
AFZ 634 4844 0.549486
AGA 4013 1811 0.941374
AGB 1873 9920 0.565081
AGC 8182 596 0.466689
AGD 10262 10573 0.400647
AGE 11066 7981 0.702811
AGF 8003 3296 0.105869
AGG 1295 952 0.596850
AGH 7157 6875 0.015198
AGI 2948 10957 0.051393
AGJ 9610 14609 0.725059
AGK 6934 1999 0.829798
AGL 11167 1696 0.951353
AGM 3047 6464 0.277535
AGN 14407 12802 0.315409
AGO 9133 14833 0.825220
AGP 9059 11140 0.264168
AGQ 13883 12761 0.964629
AGR 11939 2933 0.659902
AGS 9416 1838 0.480728
AGT 9931 10577 0.203009
AGU 9023 12766 0.791314
AGV 3652 11272 0.899350
AGW 2452 1354 0.930265
AGX 12179 11659 0.379040
AGY 485 1025 0.624714
AGZ 12671 10145 0.142613
AHA 10772 8732 0.692862
AHB 14989 2 0.872738
AHC 5926 5497 0.248177
AHD 13124 9352 0.938322
AHE 13253 14348 0.565569
AHF 3404 2243 0.249275
AHG 1907 12208 0.567827
AHH 10673 181 0.826258
AHI 2530 9658 0.354381
AHJ 6442 9592 0.951079
AHK 7337 10726 0.641133
AHL 874 10061 0.687948
AHM 578 4867 0.036622
AHN 4115 1649 0.035829
AHO 89 1048 0.371715
AHP 1009 14282 0.114841
AHQ 4057 2924 0.448897
AHR 6893 968 0.729423
AHS 1069 14156 0.213782
AHT 412 7117 0.512406
AHU 3617 7559 0.093966
AHV 10043 13684 0.761315
AHW 1006 14983 0.730064
AHX 5767 9770 0.159734
AHY 3151 598 0.160772
AHZ 10064 2725 0.952605
AIA 10942 13523 0.347056
AIB 4024 13964 0.942900
AIC 10513 6679 0.350932
AID 5308 10406 0.024384
AIE 2641 4519 0.151463
AIF 26 9443 0.980560
AIG 9016 7072 0.605640
AIH 12221 14488 0.095828
AII 14099 6281 0.070956
AIJ 5704 7699 0.861385
AIK 4688 2302 0.326792
AIL 10325 5381 0.840052
AIM 1066 8318 0.283944
AIN 3203 9157 0.711203
AIO 986 2168 0.185858
AIP 6374 4261 0.767418
AIQ 10927 7670 0.201209
AIR 10064 11236 0.809137
AIS 2644 3535 0.114628
AIT 6613 2555 0.604175
AIU 10625 1717 0.863918
AIV 14078 2894 0.971160
AIW 10412 304 0.571093
AIX 2698 6388 0.235817
AIY 4739 4091 0.101047
AIZ 12550 13753 0.420270
AJA 10781 6170 0.674490
AJB 4348 8399 0.183477
AJC 8227 5699 0.290597
AJD 2732 1885 0.361431
AJE 13348 872 0.303537
AJF 865 11180 0.082217
AJG 1357 1681 0.067904
AJH 4030 4219 0.980499
AJI 1430 9965 0.750999
AJJ 10403 14774 0.130345
AJK 1576 1951 0.825098
AJL 5327 172 0.085665
AJM 1435 6394 0.028657
AJN 11900 11018 0.977783
AJO 6170 3748 0.345134
AJP 14068 817 0.110446
AJQ 1957 1894 0.416700
AJR 7348 61 0.022736
AJS 3304 10724 0.414686
AJT 13411 8563 0.696310
AJU 181 8501 0.350536
AJV 4504 5657 0.585803
AJW 10159 790 0.758782
AJX 2035 7693 0.574602
AJY 13838 14774 0.239784
AJZ 3671 11764 0.928892
AKA 6488 1571 0.142003
AKB 3446 3428 0.965667
AKC 12976 12607 0.312265
AKD 7498 10528 0.589434
AKE 3388 12593 0.979156
AKF 2665 10738 0.214576
AKG 14147 10438 0.077212
AKH 2714 4082 0.997253
AKI 1072 10960 0.299326
AKJ 859 1993 0.881893
AKK 9203 5242 0.501541
AKL 4282 12725 0.843715
AKM 1711 6554 0.407697
AKN 1066 10777 0.007935
AKO 223 3955 0.492538
AKP 10942 4592 0.171331
AKQ 6662 1130 0.087710
AKR 11087 10039 0.770257
AKS 2153 256 0.781060
AKT 2570 13295 0.653066
AKU 10015 9527 0.688650
AKV 7267 2566 0.251686
AKW 7591 5698 0.798944
AKX 10847 1462 0.029542
AKY 398 14252 0.941252
AKZ 12628 10508 0.539140
ALA 12724 14290 0.644063
ALB 3676 5416 0.173559
ALC 1205 3349 0.845820
ALD 10205 13582 0.870846
ALE 4462 12941 0.727287
ALF 7373 7519 0.750023
ALG 13730 8474 0.476272
ALH 11125 12557 0.051180
ALI 2258 2714 0.194678
ALJ 11153 8215 0.940397
ALK 11740 13201 0.044099
ALL 4559 11068 0.852107
ALM 1105 10822 0.718925
ALN 14707 602 0.200415
ALO 4273 13522 0.065584
ALP 6395 9049 0.619282
ALQ 139 4094 0.753563
ALR 4054 8092 0.519944
ALS 11297 434 0.976531
ALT 12880 14039 0.802423
ALU 9928 12920 0.843837
ALV 4222 3127 0.152928
ALW 635 5818 0.037721
ALX 9665 536 0.627796
ALY 9671 2567 0.088107
ALZ 9559 13121 0.287484
AMA 8053 12376 0.875668
AMB 6313 5924 0.632496
AMC 527 2059 0.343364
AMD 4424 14902 0.623890
AME 10793 2980 0.501083
AMF 12028 797 0.278512
AMG 1453 12131 0.268319
AMH 6830 14972 0.329295
AMI 1477 6668 0.150487
AMJ 12412 3019 0.365581
AMK 11224 8080 0.798547
AML 11084 14050 0.338786
AMM 10067 4534 0.793207
AMN 1510 655 0.461898
AMO 3902 11321 0.146794
AMP 7771 7381 0.470046
AMQ 9911 12430 0.648213
AMR 7304 13553 0.070864
AMS 8840 14318 0.922636
AMT 14560 418 0.322062
AMU 4138 7084 0.554949
AMV 7981 2404 0.753105
AMW 4861 11387 0.464583
AMX 7322 8569 0.425153
AMY 9800 3590 0.540727
AMZ 1636 3530 0.922208
ANA 6770 9373 0.979461
ANB 1369 5566 0.611988
ANC 1193 10622 0.429762
AND 9952 9307 0.533036
ANE 6866 9955 0.581469
ANF 14906 8710 0.078097
ANG 3943 6569 0.836543
ANH 874 4691 0.381542
ANI 1205 8320 0.826136
ANJ 2104 71 0.100406
ANK 8752 7687 0.387890
ANL 9316 8170 0.234474
ANM 5185 1583 0.831477
ANN 14458 13868 0.882870
ANO 475 13352 0.517380
ANP 148 10936 0.507828
ANQ 4781 7618 0.581225
ANR 13688 3263 0.497665
ANS 1486 10258 0.675558
ANT 8839 11029 0.713187
ANU 472 229 0.503311
ANV 8164 3215 0.391125
ANW 14258 622 0.300058
ANX 6926 2825 0.390179
ANY 1798 14459 0.917539
ANZ 5333 3758 0.422468
AOA 1181 12899 0.389203
AOB 4090 8491 0.744041
AOC 7301 5578 0.445936
AOD 3779 8555 0.904813
AOE 8992 11809 0.022950
AOF 611 14593 0.706931
AOG 845 9809 0.980193
AOH 8177 8083 0.616657
AOI 13459 12797 0.674734
AOJ 3221 7780 0.642018
AOK 11747 9397 0.298929
AOL 742 7222 0.253121
AOM 5042 4357 0.658010
AON 8338 12628 0.408765
AOO 3925 13354 0.929594
AOP 10978 3494 0.285073
AOQ 11804 1792 0.551622
AOR 6281 13366 0.008332
AOS 6271 1615 0.347911
AOT 12148 3050 0.695273
AOU 10549 5678 0.947203
AOV 6014 13079 0.527757
AOW 3055 9671 0.109287
AOX 2044 6443 0.560442
AOY 5639 12095 0.362377
AOZ 577 11530 0.601672
APA 7123 9052 0.005219
APB 4087 4009 0.947508
APC 14833 3637 0.664388
APD 6415 6781 0.110569
APE 13373 2161 0.839167
APF 3914 986 0.093173
APG 2498 14011 0.846492
APH 5582 5747 0.333995
API 14074 10391 0.915189
APJ 4907 7246 0.335582
APK 13490 551 0.502060
APL 11735 12532 0.277413
APM 7043 4813 0.833155
APN 3421 14527 0.766289
APO 11765 11297 0.839717
APP 1441 5231 0.391949
APQ 859 7292 0.684591
APR 6749 13928 0.072115
APS 9947 1819 0.582965
APT 6445 14315 0.405286
APU 7783 14272 0.242317
APV 8572 223 0.535051
APW 4145 9571 0.598498
APX 7856 10060 0.482711
APY 5587 10703 0.238319
APZ 4735 722 0.658925
AQA 5284 5594 0.596850
AQB 2881 5167 0.436842
AQC 11212 5588 0.322947
AQD 2684 10859 0.392071
AQE 148 9055 0.748924
AQF 14033 14557 0.205206
AQG 6781 10969 0.799738
AQH 6545 12005 0.414289
AQI 3773 13613 0.562273
AQJ 4867 833 0.313852
AQK 12524 4027 0.729270
AQL 2702 5146 0.457015
AQM 7690 3472 0.861049
AQN 9853 545 0.546220
AQO 9469 11513 0.495987
AQP 13048 10246 0.125462
AQQ 6703 12404 0.213111
AQR 7207 8473 0.535813
AQS 12514 13954 0.431593
AQT 5542 6434 0.191473
AQU 13717 5176 0.648183
AQV 13957 2177 0.501389
AQW 10112 6148 0.588794
AQX 4406 6353 0.825831
AQY 8494 11396 0.010559
AQZ 11504 14302 0.843562
ARA 9986 3020 0.259285
ARB 14626 2990 0.738762
ARC 788 2093 0.790948
ARD 12206 10627 0.821406
ARE 4990 1742 0.329600
ARF 5456 10738 0.697348
ARG 13660 3871 0.779656
ARH 3121 2882 0.027863
ARI 13379 709 0.068606
ARJ 6812 3152 0.388806
ARK 4295 8537 0.386670
ARL 8902 12895 0.882992
ARM 2506 3664 0.440291
ARN 9094 10009 0.097903
ARO 6917 4909 0.971007
ARP 4192 3667 0.863033
ARQ 3005 7349 0.535844
ARR 1234 13657 0.168004
ARS 6329 2821 0.023530
ART 836 2953 0.685141
ARU 4610 5738 0.218482
ARV 7331 14564 0.713675
ARW 3182 5477 0.547533
ARX 4483 7660 0.165441
ARY 2507 883 0.575121
ARZ 12658 9709 0.554125
ASA 11885 1883 0.479690
ASB 6653 5374 0.970092
ASC 5563 7127 0.268136
ASD 1045 5122 0.836299
ASE 9214 11815 0.496292
ASF 8477 2951 0.977233
ASG 9994 3083 0.381542
ASH 11006 13055 0.315867
ASI 17 12131 0.047670
ASJ 10724 14524 0.469436
ASK 5719 6278 0.854915
ASL 1796 6659 0.765435
ASM 10900 9257 0.965087
ASN 12671 11878 0.874783
ASO 10936 8606 0.098941
ASP 8609 955 0.478133
ASQ 9790 13892 0.483444
ASR 2255 5573 0.275307
ASS 883 85 0.886654
AST 1234 625 0.336009
ASU 11341 4006 0.024079
ASV 14866 11476 0.402387
ASW 5830 3502 0.113102
ASX 8710 5773 0.411512
ASY 7957 13607 0.580737
ASZ 8999 10124 0.336406
ATA 14152 973 0.518937
ATB 13595 13714 0.570635
ATC 422 11702 0.052858
ATD 4682 12001 0.630909
ATE 9532 9943 0.969543
ATF 6709 6245 0.047304
ATG 10505 8969 0.370190
ATH 11102 14423 0.078982
ATI 4333 4963 0.385479
ATJ 6635 3121 0.456740
ATK 1030 2317 0.751762
ATL 8441 9746 0.841182
ATM 9523 12025 0.916501
ATN 8405 2663 0.217322
ATO 11780 4247 0.943632
ATP 12953 5756 0.153172
ATQ 1690 4426 0.453597
ATR 4637 11851 0.849239
ATS 5917 1868 0.778802
ATT 10283 317 0.332743
ATU 7517 14386 0.072939
ATV 1078 6266 0.118778
ATW 11698 11018 0.903226
ATX 1861 2012 0.303873
ATY 5335 988 0.504746
ATZ 16 3712 0.497513
AUA 14512 6214 0.011383
AUB 3566 3731 0.357463
AUC 14263 12845 0.221625
AUD 3158 9272 0.904019
AUE 12080 14171 0.435743
AUF 6346 12065 0.366985
AUG 424 7936 0.239814
AUH 4466 5062 0.198065
AUI 2155 1834 0.432997
AUJ 5030 9220 0.178014
AUK 4201 5312 0.226875
AUL 2609 11462 0.395428
AUM 7934 1532 0.011780
AUN 11260 11867 0.390393
AUO 2836 3889 0.009857
AUP 2855 2186 0.071749
AUQ 4955 10970 0.644917
AUR 7738 4990 0.251564
AUS 4240 551 0.077700
AUT 8038 3431 0.925352
AUU 1840 13015 0.710013
AUV 2510 2023 0.880184
AUW 13648 808 0.171392
AUX 5809 6934 0.966094
AUY 3022 3101 0.002838
AUZ 815 13787 0.538316
AVA 11561 4694 0.555742
AVB 12743 13774 0.300760
AVC 3361 913 0.166234
AVD 2015 4480 0.171545
AVE 3656 697 0.066774
AVF 11741 11386 0.982513
AVG 13442 12361 0.378918
AVH 2990 12410 0.935087
AVI 4679 3979 0.528092
AVJ 13129 7921 0.893338
AVK 10718 6251 0.147862
AVL 7265 11717 0.925108
AVM 134 3454 0.629963
AVN 3430 1631 0.128971
AVO 13262 9604 0.548051
AVP 13870 4463 0.833979
AVQ 229 251 0.865505
AVR 9949 3461 0.854091
AVS 14194 10618 0.752922
AVT 7618 9791 0.747856
AVU 7706 4258 0.616718
AVV 9779 10559 0.097079
AVW 700 518 0.199866
AVX 1360 643 0.805872
AVY 11221 7606 0.985168
AVZ 14087 9662 0.453261
AWA 931 11494 0.234260
AWB 2858 8114 0.939268
AWC 1720 307 0.460158
AWD 13841 4783 0.164525
AWE 12760 5719 0.575488
AWF 6934 391 0.409162
AWG 1214 1861 0.018769
AWH 10952 10840 0.545305
AWI 8935 12122 0.449080
AWJ 9406 9026 0.362438
AWK 6325 3040 0.751274
AWL 8654 13868 0.222388
AWM 535 11249 0.728965
AWN 12889 11918 0.123203
AWO 11555 11183 0.605518
AWP 14297 10703 0.158544
AWQ 2468 4141 0.932737
AWR 10135 713 0.440168
AWS 14281 5467 0.344371
AWT 6608 12001 0.927519
AWU 9112 10115 0.414350
AWV 1499 2089 0.406995
AWW 2740 2860 0.309885
AWX 2986 4715 0.210120
AWY 7573 4822 0.598132
AWZ 6356 4819 0.276009
AXA 3260 14981 0.087527
AXB 13429 439 0.979766
AXC 12511 824 0.597125
AXD 3722 2791 0.882717
AXE 11494 13663 0.664876
AXF 10418 1640 0.345805
AXG 14750 4447 0.060121
AXH 11536 13360 0.900479
AXI 2012 14767 0.178045
AXJ 3212 12226 0.524491
AXK 6919 5462 0.591113
AXL 6574 7345 0.644307
AXM 272 10604 0.839778
AXN 182 11662 0.904904
AXO 8392 9140 0.584460
AXP 14707 401 0.641926
AXQ 9797 7957 0.142888
AXR 13853 14482 0.679891
AXS 284 1355 0.820093
AXT 727 10019 0.691214
AXU 7468 1978 0.933164
AXV 2858 12595 0.009919
AXW 134 13922 0.662069
AXX 13264 233 0.622883
AXY 778 8873 0.444349
AXZ 983 398 0.189123
AYA 11216 592 0.204505
AYB 13483 13028 0.486801
AYC 2506 14470 0.890927
AYD 10654 1991 0.781701
AYE 3875 1987 0.208380
AYF 11041 3974 0.380993
AYG 646 5329 0.710227
AYH 8222 10427 0.198004
AYI 13429 13129 0.173315
AYJ 2042 11636 0.641987
AYK 14192 11584 0.049287
AYL 9712 10718 0.678945
AYM 8968 5038 0.387524
AYN 14225 9181 0.615162
AYO 9163 11296 0.589465
AYP 12644 12499 0.156987
AYQ 14290 11896 0.300516
AYR 3778 11839 0.723960
AYS 8941 3022 0.302591
AYT 1277 3961 0.963317
AYU 1672 14009 0.061373
AYV 4369 7898 0.056642
AYW 9914 652 0.232643
AYX 1384 3808 0.848811
AYY 28 9982 0.567064
AYZ 11783 12748 0.189581
AZA 1408 7019 0.896481
AZB 3833 12095 0.289071
AZC 8096 13385 0.864040
AZD 9800 14396 0.465194
AZE 1829 536 0.397412
AZF 3631 5765 0.540605
AZG 9029 13786 0.247383
AZH 4039 10726 0.444166
AZI 5012 1253 0.845637
AZJ 13163 3125 0.418134
AZK 2180 5054 0.900845
AZL 11768 9668 0.749992
AZM 14540 4832 0.178838
AZN 11981 13082 0.261391
AZO 7640 793 0.421339
AZP 5503 746 0.024873
AZQ 4855 4066 0.977020
AZR 12628 13391 0.059755
AZS 10067 7376 0.072634
AZT 11542 9845 0.215888
AZU 6334 4810 0.365093
AZV 7567 8639 0.204382
AZW 12442 10102 0.110660
AZX 1246 2725 0.909574
AZY 10526 10208 0.597522
AZZ 12208 4840 0.835475
BAA 8681 3871 0.025147
BAB 2143 7046 0.934538
BAC 6035 14137 0.417737
BAD 5384 11375 0.254341
BAE 4195 3248 0.040925
BAF 12443 7807 0.950133
BAG 7163 11899 0.787286
BAH 217 11230 0.368725
BAI 4094 6260 0.722953
BAJ 13582 6011 0.240272
BAK 14015 1730 0.077303
BAL 12569 11840 0.639821
BAM 6547 10418 0.028108
BAN 6806 14441 0.431196
BAO 1390 5920 0.317331
BAP 7096 1936 0.500107
BAQ 13225 14515 0.648824
BAR 176 11399 0.351482
BAS 11450 2440 0.593738
BAT 12622 4909 0.710685
BAU 12268 3548 0.990417
BAV 8546 10258 0.753807
BAW 7975 6194 0.192846
BAX 2044 527 0.626789
BAY 347 13970 0.627979
BAZ 13936 5861 0.116459
BBA 3521 2185 0.581805
BBB 9350 3394 0.840266
BBC 12646 7292 0.584826
BBD 1942 7973 0.243873
BBE 5593 3182 0.820917
BBF 2315 10687 0.167638
BBG 5147 5113 0.277261
BBH 1703 2921 0.884640
BBI 2663 2536 0.501633
BBJ 1700 13127 0.452864
BBK 5908 1955 0.469039
BBL 12754 11165 0.085849
BBM 4079 12043 0.803522
BBN 3830 13013 0.152989
BBO 4987 12985 0.079318
BBP 12521 12436 0.502609
BBQ 3293 9083 0.764122
BBR 1676 4619 0.176031
BBS 11459 5885 0.188055
BBT 4924 11707 0.381268
BBU 12484 254 0.355602
BBV 2855 2467 0.939421
BBW 3568 958 0.081973
BBX 3590 6517 0.435286
BBY 2261 3301 0.461531
BBZ 2306 12131 0.117862
BCA 13981 8257 0.685904
BCB 8423 4522 0.332408
BCC 5299 4589 0.348033
BCD 10420 8975 0.049623
BCE 5383 9878 0.222175
BCF 7547 13129 0.011963
BCG 14249 14713 0.722770
BCH 2768 11008 0.269417
BCI 10711 1202 0.442427
BCJ 9094 11375 0.550859
BCK 3658 1106 0.975494
BCL 8066 13111 0.137364
BCM 1759 11674 0.275460
BCN 6566 13538 0.797388
BCO 14521 6086 0.694021
BCP 7118 8956 0.032044
BCQ 4534 4024 0.234870
BCR 1325 1309 0.491073
BCS 6307 263 0.049440
BCT 8708 680 0.077151
BCU 2605 785 0.430067
BCV 12682 2266 0.087832
BCW 4906 12793 0.144108
BCX 11618 13204 0.869716
BCY 14398 3560 0.524766
BCZ 9251 12565 0.008972
BDA 3935 4190 0.916227
BDB 13820 7202 0.179205
BDC 8882 14218 0.486221
BDD 12563 13609 0.532395
BDE 13838 3584 0.695029
BDF 752 1613 0.086245
BDG 9839 602 0.469527
BDH 2653 10307 0.045625
BDI 2527 2408 0.999878
BDJ 3278 14966 0.529252
BDK 9103 1954 0.680227
BDL 1748 12938 0.878719
BDM 14723 14038 0.677389
BDN 2689 436 0.728019
BDO 386 11687 0.559221
BDP 5434 12532 0.435743
BDQ 1490 1379 0.970183
BDR 602 7255 0.453322
BDS 5873 13438 0.133763
BDT 6784 13058 0.844386
BDU 4012 11981 0.610889
BDV 1828 5158 0.610797
BDW 5674 4594 0.878262
BDX 14578 14993 0.841334
BDY 248 907 0.535600
BDZ 5168 7604 0.107730
BEA 437 13597 0.928251
BEB 896 6185 0.112980
BEC 4322 10012 0.309763
BED 5617 8948 0.472488
BEE 9683 12335 0.992157
BEF 10154 14485 0.810175
BEG 10343 11741 0.861293
BEH 9739 1396 0.193823
BEI 9812 7532 0.803705
BEJ 12494 1655 0.455031
BEK 8276 665 0.613330
BEL 1922 2482 0.250343
BEM 7295 1787 0.459181
BEN 6557 6050 0.959624
BEO 919 188 0.612018
BEP 2425 13255 0.797784
BEQ 8713 13751 0.483291
BER 7447 11977 0.974273
BES 3826 3676 0.741325
BET 2378 5434 0.483291
BEU 2419 10828 0.967193
BEV 12262 1016 0.285012
BEW 2275 13780 0.620167
BEX 9886 4243 0.355541
BEY 12271 1996 0.622486
BEZ 4792 14431 0.478530
BFA 9526 10228 0.274453
BFB 8569 1988 0.839198
BFC 3631 5935 0.095187
BFD 5891 2335 0.593371
BFE 8717 3164 0.178655
BFF 1502 6532 0.742607
BFG 250 1291 0.383099
BFH 1300 11030 0.976165
BFI 9688 706 0.759941
BFJ 11140 6313 0.767418
BFK 12881 9925 0.700278
BFL 9106 14143 0.061922
BFM 6016 7604 0.959075
BFN 5792 9586 0.488937
BFO 2821 13385 0.632771
BFP 12008 5876 0.296731
BFQ 12803 11329 0.941801
BFR 10726 9419 0.275948
BFS 13343 5993 0.929044
BFT 1573 5158 0.921751
BFU 10688 4160 0.554308
BFV 1030 3734 0.118686
BFW 2233 4772 0.768883
BFX 391 12317 0.837428
BFY 3122 3344 0.616474
BFZ 7658 6166 0.833888
BGA 5495 7825 0.854579
BGB 382 5521 0.266366
BGC 5683 8776 0.646870
BGD 554 3724 0.615223
BGE 4090 5723 0.168065
BGF 8714 8452 0.433973
BGG 8825 14395 0.113193
BGH 11872 8650 0.398694
BGI 9790 9139 0.738060
BGJ 10606 5872 0.985290
BGK 14324 302 0.801721
BGL 14065 3739 0.010743
BGM 4622 1298 0.260292
BGN 12101 12419 0.356822
BGO 6833 103 0.399609
BGP 14902 7013 0.568651
BGQ 9100 7021 0.915525
BGR 7847 14791 0.822626
BGS 10906 8018 0.884152
BGT 10225 14840 0.101352
BGU 6878 8507 0.228065
BGV 14576 9338 0.432234
BGW 9020 3478 0.812006
BGX 14621 2758 0.860042
BGY 11222 12919 0.309488
BGZ 10247 10999 0.560747
BHA 1846 11237 0.102878
BHB 10243 11519 0.286660
BHC 7649 11221 0.330638
BHD 9562 11428 0.288278
BHE 1006 476 0.410962
BHF 1139 6749 0.109622
BHG 12841 14858 0.565844
BHH 9167 6400 0.328776
BHI 257 3371 0.678030
BHJ 11068 13033 0.534898
BHK 7745 9709 0.853359
BHL 13213 13853 0.726066
BHM 2354 2561 0.961852
BHN 8822 4060 0.001923
BHO 2539 9968 0.815332
BHP 4325 8963 0.036287
BHQ 1937 10429 0.133915
BHR 14644 2335 0.472518
BHS 8645 6143 0.681661
BHT 3052 5519 0.215705
BHU 8419 392 0.540056
BHV 3715 2567 0.721671
BHW 12991 8990 0.060488
BHX 10927 12191 0.931852
BHY 10532 752 0.217322
BHZ 1711 10451 0.599200
BIA 6683 8030 0.500504
BIB 6049 8047 0.517563
BIC 1214 7817 0.761773
BID 1166 3391 0.730918
BIE 9557 3545 0.187262
BIF 2089 1916 0.286447
BIG 4115 11570 0.440107
BIH 3340 2710 0.627613
BII 13769 1091 0.618580
BIJ 5473 10475 0.428144
BIK 6947 11165 0.639241
BIL 12139 9403 0.671590
BIM 1382 478 0.601733
BIN 1643 3980 0.202490
BIO 9337 5258 0.247505
BIP 3709 13028 0.948302
BIQ 1310 9977 0.417249
BIR 6176 1367 0.651448
BIS 13238 13066 0.061281
BIT 751 1933 0.392804
BIU 9901 13859 0.491836
BIV 14614 6626 0.547014
BIW 3680 4037 0.810846
BIX 10550 2257 0.219428
BIY 9838 1748 0.425184
BIZ 13738 35 0.794733
BJA 629 11567 0.898831
BJB 11096 14201 0.103153
BJC 7142 866 0.714072
BJD 8158 11231 0.010407
BJE 14363 9269 0.445662
BJF 1144 3152 0.081851
BJG 11993 1337 0.017212
BJH 14662 1702 0.489944
BJI 1348 6170 0.735252
BJJ 4621 2857 0.648061
BJK 1522 11917 0.305246
BJL 9413 8759 0.290109
BJM 11174 992 0.654653
BJN 6659 13630 0.998718
BJO 10210 4084 0.738823
BJP 13481 8558 0.639607
BJQ 9703 2617 0.221931
BJR 1763 11906 0.912137
BJS 1823 359 0.619251
BJT 11951 10247 0.398999
BJU 13519 362 0.795557
BJV 14585 11404 0.220374
BJW 1982 10957 0.255104
BJX 4490 10508 0.787988
BJY 12278 1207 0.058809
BJZ 12391 14089 0.346446
BKA 7741 14227 0.088595
BKB 995 3002 0.099185
BKC 631 13153 0.374187
BKD 3760 2825 0.874325
BKE 13225 8287 0.925291
BKF 8675 1069 0.617084
BKG 3184 7195 0.599689
BKH 6506 3793 0.621113
BKI 11989 11509 0.611316
BKJ 3005 9304 0.460494
BKK 14968 1108 0.962493
BKL 10696 12443 0.179937
BKM 9140 3748 0.001587
BKN 3491 11243 0.567919
BKO 14066 6467 0.082705
BKP 10187 3256 0.402295
BKQ 1528 1660 0.562639
BKR 13105 653 0.544084
BKS 14800 2726 0.741325
BKT 12821 6589 0.788385
BKU 14864 844 0.453871
BKV 3025 12623 0.586474
BKW 1553 13144 0.485977
BKX 1130 12689 0.254769
BKY 1028 10697 0.431593
BKZ 10345 13766 0.210974
BLA 6500 6140 0.668538
BLB 14480 8530 0.247414
BLC 1925 14629 0.418439
BLD 3272 13642 0.994842
BLE 12115 12551 0.007874
BLF 4417 13756 0.669271
BLG 1474 3302 0.082919
BLH 4954 3047 0.055849
BLI 3575 11341 0.271981
BLJ 3385 184 0.591205
BLK 2956 5179 0.272469
BLL 4676 806 0.487197
BLM 2630 11188 0.172674
BLN 8651 14624 0.214698
BLO 5056 12755 0.643635
BLP 3356 10382 0.465407
BLQ 3025 6950 0.067354
BLR 3905 11261 0.055300
BLS 6968 2294 0.333293
BLT 3845 12155 0.251228
BLU 2540 4448 0.560808
BLV 3166 4793 0.815607
BLW 12682 4466 0.014801
BLX 7705 11689 0.802026
BLY 4880 4831 0.601276
BLZ 13271 11573 0.916349
BMA 8137 10415 0.182440
BMB 2528 1708 0.213782
BMC 10 13025 0.164495
BMD 9844 5738 0.154424
BME 5488 11513 0.008240
BMF 4033 13157 0.712455
BMG 10088 9046 0.119205
BMH 2993 4154 0.456893
BMI 11662 14765 0.614948
BMJ 10019 221 0.412336
BMK 5603 1318 0.368206
BML 10058 8963 0.198889
BMM 13597 8846 0.108341
BMN 8239 1684 0.561327
BMO 646 12005 0.858455
BMP 4898 4859 0.055422
BMQ 2299 6091 0.213630
BMR 3481 3439 0.490799
BMS 4042 185 0.554064
BMT 7945 13084 0.854427
BMU 1715 11960 0.858608
BMV 748 2645 0.989746
BMW 9769 12412 0.966094
BMX 2288 12773 0.401074
BMY 4288 3250 0.548173
BMZ 7720 1160 0.320872
BNA 10078 269 0.332347
BNB 563 5776 0.741295
BNC 6031 7463 0.873470
BND 9710 12625 0.598865
BNE 3551 3598 0.041871
BNF 821 2101 0.833460
BNG 9551 4393 0.999451
BNH 14503 10240 0.747917
BNI 12715 5344 0.396893
BNJ 3362 8993 0.097110
BNK 7844 802 0.474990
BNL 11342 2768 0.758599
BNM 7495 10460 0.306467
BNN 4405 3163 0.807550
BNO 3295 6841 0.208686
BNP 1226 1694 0.462172
BNQ 1591 1142 0.005737
BNR 10942 14146 0.804285
BNS 2002 1588 0.954711
BNT 10403 13807 0.541093
BNU 13840 13480 0.394116
BNV 10904 13358 0.483505
BNW 3728 3091 0.151769
BNX 5821 11087 0.994842
BNY 13481 1174 0.086398
BNZ 12437 12815 0.541948
BOA 275 4457 0.460067
BOB 10291 2548 0.779321
BOC 7085 12943 0.770684
BOD 7034 11974 0.441603
BOE 4882 8834 0.838374
BOF 8647 8680 0.839137
BOG 6908 3590 0.966430
BOH 323 6767 0.063845
BOI 5464 5834 0.506485
BOJ 1735 5030 0.250740
BOK 1060 1007 0.776788
BOL 9562 8516 0.521928
BOM 9448 10318 0.636097
BON 6293 1343 0.696371
BOO 5842 1750 0.728874
BOP 2242 8500 0.600238
BOQ 13679 1232 0.113742
BOR 12556 2002 0.985931
BOS 1729 10753 0.295541
BOT 964 12356 0.789361
BOU 1433 1429 0.219947
BOV 2462 4997 0.847194
BOW 1600 14317 0.192694
BOX 14641 997 0.385479
BOY 7432 6931 0.567980
BOZ 11269 5969 0.701987
BPA 1648 13085 0.045686
BPB 14528 10717 0.623249
BPC 10451 3344 0.146306
BPD 1508 10421 0.647450
BPE 2233 4709 0.518448
BPF 6038 6416 0.310282
BPG 2740 14402 0.808191
BPH 7444 5660 0.361278
BPI 3265 5531 0.499527
BPJ 11459 3236 0.932524
BPK 2495 7973 0.052248
BPL 1694 7223 0.149449
BPM 13393 2639 0.438398
BPN 12950 2285 0.699057
BPO 266 14356 0.438093
BPP 808 7903 0.855159
BPQ 4904 11423 0.425794
BPR 4106 11395 0.495224
BPS 3133 14978 0.479873
BPT 2635 4381 0.848018
BPU 13241 4250 0.112247
BPV 1289 7556 0.212317
BPW 13117 10991 0.362774
BPX 9916 145 0.812159
BPY 13061 3530 0.057802
BPZ 3746 6982 0.423566
BQA 5659 9196 0.325175
BQB 8294 2365 0.551531
BQC 10684 9245 0.607593
BQD 7127 10157 0.873959
BQE 4409 4105 0.050478
BQF 9313 3001 0.531999
BQG 1426 9685 0.886227
BQH 11870 4652 0.753746
BQI 9877 11567 0.912748
BQJ 1043 13501 0.378124
BQK 9257 2 0.005219
BQL 2752 7889 0.223579
BQM 2351 7318 0.419263
BQN 10385 10913 0.043977
BQO 8855 7853 0.077120
BQP 10246 11914 0.160649
BQQ 6694 4687 0.694540
BQR 13466 13838 0.876675
BQS 8426 3452 0.129826
BQT 4036 4099 0.593951
BQU 7658 6707 0.348674
BQV 14306 13598 0.290628
BQW 5690 9898 0.515122
BQX 14585 11444 0.797967
BQY 1732 2713 0.574419
BQZ 8098 14111 0.272897
BRA 8141 1720 0.905271
BRB 10400 11719 0.513230
BRC 2521 9548 0.816584
BRD 1781 7382 0.436232
BRE 12320 3082 0.470962
BRF 14350 2507 0.262673
BRG 9671 12515 0.857204
BRH 2365 5663 0.840602
BRI 11573 3748 0.335063
BRJ 1924 5378 0.232337
BRK 5305 5314 0.660817
BRL 11576 3089 0.300455
BRM 10331 6215 0.894925
BRN 8701 6407 0.685232
BRO 10994 13418 0.822932
BRP 9766 8626 0.397534
BRQ 3658 14836 0.108036
BRR 1676 10190 0.377331
BRS 2747 857 0.965941
BRT 1802 512 0.917051
BRU 13357 11665 0.334361
BRV 1055 6893 0.944182
BRW 2008 3089 0.926054
BRX 7951 125 0.926725
BRY 12733 14873 0.828608
BRZ 7580 7088 0.726798
BSA 7708 6161 0.074892
BSB 13181 8593 0.217170
BSC 7124 3019 0.477065
BSD 7412 8746 0.006073
BSE 6337 2957 0.619739
BSF 1333 5680 0.322336
BSG 13907 10082 0.872250
BSH 11183 5495 0.114017
BSI 1103 7739 0.225837
BSJ 1771 14632 0.838435
BSK 11827 6086 0.318979
BSL 3194 11231 0.390423
BSM 3835 4702 0.804987
BSN 4006 12914 0.260964
BSO 5528 14300 0.866146
BSP 4348 1816 0.454512
BSQ 13732 13280 0.813715
BSR 4610 6847 0.057894
BSS 319 8764 0.957274
BST 9617 13210 0.759331
BSU 7000 11263 0.904935
BSV 7097 6944 0.197638
BSW 9757 3188 0.794397
BSX 10312 8533 0.898282
BSY 7108 647 0.277047
BSZ 9641 2477 0.851253
BTA 8527 3562 0.008209
BTB 6220 9739 0.632435
BTC 14636 4850 0.563952
BTD 14825 10615 0.486892
BTE 1411 1010 0.728782
BTF 1825 12533 0.107089
BTG 5873 7351 0.609729
BTH 1187 14330 0.075930
BTI 170 5606 0.650288
BTJ 14519 218 0.226814
BTK 8008 4397 0.972015
BTL 11683 9628 0.628895
BTM 4126 2134 0.183905
BTN 11183 5651 0.657064
BTO 6859 4375 0.497574
BTP 3008 1169 0.780175
BTQ 8620 14905 0.292032
BTR 7826 14830 0.421827
BTS 13480 2473 0.813837
BTT 8236 5074 0.640584
BTU 9793 4340 0.097964
BTV 6418 12727 0.565661
BTW 2846 14554 0.080203
BTX 9377 700 0.636097
BTY 11360 1645 0.865078
BTZ 3038 13361 0.848781
BUA 8513 3409 0.843074
BUB 1447 6691 0.551622
BUC 14560 10912 0.438093
BUD 14560 11231 0.944334
BUE 3157 13685 0.337687
BUF 8810 643 0.498703
BUG 14224 1678 0.742058
BUH 6044 539 0.105991
BUI 9044 11732 0.081576
BUJ 5299 989 0.025666
BUK 2240 1235 0.430677
BUL 10109 673 0.775658
BUM 9706 3736 0.102237
BUN 8191 8069 0.089328
BUO 14744 1472 0.279641
BUP 6661 5458 0.098544
BUQ 13621 8269 0.643696
BUR 3326 11038 0.106388
BUS 9217 9326 0.417127
BUT 500 1205 0.815912
BUU 14786 7940 0.694998
BUV 3034 389 0.804193
BUW 4535 3440 0.986541
BUX 3011 10963 0.503067
BUY 4756 944 0.185217
BUZ 7462 3490 0.088504
BVA 10988 12565 0.334117
BVB 251 11174 0.622120
BVC 7892 9505 0.187658
BVD 496 8590 0.648061
BVE 11621 7405 0.316263
BVF 12905 4448 0.357677
BVG 11969 7409 0.977966
BVH 1156 1495 0.513932
BVI 12748 14210 0.819147
BVJ 416 9706 0.704672
BVK 6554 791 0.289285
BVL 329 7120 0.292795
BVM 3413 6526 0.085360
BVN 1361 5375 0.776818
BVO 6367 8053 0.608661
BVP 7969 6566 0.292856
BVQ 9833 274 0.940977
BVR 8329 5693 0.804468
BVS 4598 13450 0.857997
BVT 6871 12887 0.260994
BVU 12172 1813 0.516251
BVV 13418 9281 0.790948
BVW 5018 902 0.303476
BVX 371 1237 0.949950
BVY 7280 14224 0.555071
BVZ 10180 5131 0.295389
BWA 6967 4046 0.037599
BWB 10499 5659 0.234504
BWC 3662 7127 0.905179
BWD 8944 820 0.311655
BWE 2083 10327 0.876949
BWF 6470 14053 0.995209
BWG 3413 13787 0.284219
BWH 12211 10778 0.711600
BWI 11960 12331 0.019562
BWJ 2005 1033 0.488113
BWK 7280 6739 0.915159
BWL 14437 13435 0.221320
BWM 10471 8377 0.306375
BWN 2710 10376 0.420240
BWO 14993 12856 0.123814
BWP 7276 12634 0.399823
BWQ 10807 4912 0.429365
BWR 3026 7373 0.448134
BWS 464 13463 0.494064
BWT 10972 542 0.587909
BWU 6853 4070 0.931059
BWV 1273 10510 0.319437
BWW 11483 14719 0.672414
BWX 2467 12344 0.296823
BWY 8036 12601 0.338511
BWZ 4318 5132 0.375835
BXA 7727 6905 0.417524
BXB 14042 5800 0.004944
BXC 5710 9575 0.276315
BXD 70 1090 0.635792
BXE 3250 2198 0.987152
BXF 8818 2653 0.831629
BXG 1726 1370 0.901151
BXH 6865 11155 0.176305
BXI 1504 13786 0.456893
BXJ 13037 8267 0.056368
BXK 3241 82 0.502976
BXL 9041 12202 0.032197
BXM 12352 11477 0.064302
BXN 2062 4108 0.952971
BXO 233 1898 0.615741
BXP 14899 7753 0.331797
BXQ 1013 14417 0.172185
BXR 10070 14966 0.906278
BXS 6235 6512 0.481429
BXT 6671 11051 0.887539
BXU 12184 9430 0.944700
BXV 7936 946 0.281472
BXW 665 14515 0.211829
BXX 14297 145 0.960540
BXY 8704 6928 0.330119
BXZ 7505 8326 0.013703
BYA 7420 7598 0.490829
BYB 8573 10528 0.417646
BYC 13009 6521 0.444136
BYD 11068 10171 0.387219
BYE 2896 6119 0.161809
BYF 6280 9512 0.000031
BYG 3943 5167 0.947050
BYH 1610 14344 0.972777
BYI 11627 11570 0.543413
BYJ 3754 11860 0.921567
BYK 8128 3887 0.508988
BYL 14257 11260 0.191931
BYM 14386 13171 0.817591
BYN 10550 1027 0.516068
BYO 13358 12772 0.956877
BYP 5678 701 0.477187
BYQ 8434 8068 0.333628
BYR 8035 5458 0.152470
BYS 9161 13516 0.196539
BYT 4664 5146 0.496323
BYU 2432 5053 0.172185
BYV 8830 898 0.135899
BYW 6058 1748 0.504135
BYX 9370 13061 0.410260
BYY 2299 6269 0.812464
BYZ 8443 13324 0.813990
BZA 2894 9317 0.280496
BZB 1136 5374 0.632557
BZC 12115 12742 0.246773
BZD 6890 4142 0.607074
BZE 14560 11192 0.861904
BZF 14108 9539 0.059786
BZG 9950 7391 0.386456
BZH 529 2263 0.181005
BZI 8758 2042 0.481491
BZJ 14459 14284 0.241432
BZK 1595 4459 0.102023
BZL 3769 8159 0.481033
BZM 5608 12404 0.974700
BZN 2173 1927 0.457778
BZO 7063 1813 0.742241
BZP 7595 6892 0.846034
BZQ 12206 1036 0.322520
BZR 14437 8231 0.174871
BZS 9058 4925 0.475143
BZT 6088 5239 0.921537
BZU 11783 14129 0.626576
BZV 10232 13199 0.845302
BZW 10378 1394 0.295389
BZX 2000 5042 0.590106
BZY 332 598 0.609394
BZZ 11581 2671 0.523148
CAA 9523 9158 0.041261
CAB 7018 13432 0.638417
CAC 14599 14032 0.234016
CAD 5722 6028 0.262429
CAE 10817 9650 0.264992
CAF 815 7388 0.379009
CAG 5831 7324 0.536271
CAH 13168 7211 0.767327
CAI 9841 709 0.300546
CAJ 2971 586 0.946196
CAK 10865 7072 0.263924
CAL 11906 3523 0.263070
CAM 6299 13064 0.372570
CAN 11882 58 0.484268
CAO 9064 457 0.416059
CAP 13834 14591 0.056520
CAQ 1102 10198 0.089602
CAR 13909 9868 0.947447
CAS 11461 7651 0.276589
CAT 13151 11543 0.754692
CAU 4580 6931 0.166448
CAV 1000 1535 0.729301
CAW 5155 4049 0.035859
CAX 5701 566 0.610309
CAY 13543 9236 0.718314
CAZ 12427 13721 0.841670
CBA 1588 10286 0.593646
CBB 10583 6820 0.963256
CBC 10907 568 0.971068
CBD 1867 9263 0.860530
CBE 6733 9526 0.637623
CBF 2017 6872 0.246040
CBG 12013 4553 0.731498
CBH 1339 10829 0.358684
CBI 6083 10648 0.591052
CBJ 13036 13246 0.523057
CBK 6461 3757 0.460891
CBL 3959 2138 0.043336
CBM 775 1063 0.523331
CBN 14570 853 0.031190
CBO 13919 8354 0.295785
CBP 5812 3118 0.317392
CBQ 10259 2759 0.617054
CBR 6694 5597 0.691641
CBS 4132 2713 0.860012
CBT 14756 13642 0.483444
CBU 12785 1198 0.285653
CBV 2168 3254 0.060701
CBW 11312 12286 0.211188
CBX 7480 9251 0.309183
CBY 11650 9785 0.535142
CBZ 9092 10565 0.689413
CCA 13406 4495 0.766076
CCB 2360 9073 0.172674
CCC 3472 1901 0.663472
CCD 7786 59 0.359325
CCE 1886 77 0.547807
CCF 8864 2225 0.506668
CCG 692 14359 0.892056
CCH 8590 12847 0.164739
CCI 12676 11194 0.599597
CCJ 2560 9275 0.760277
CCK 5216 9062 0.022126
CCL 1879 6889 0.908933
CCM 14953 6251 0.907682
CCN 9781 1840 0.597217
CCO 3059 12512 0.710746
CCP 3194 5929 0.783685
CCQ 7168 1631 0.678243
CCR 7037 12706 0.548906
CCS 13490 14255 0.459151
CCT 5981 11342 0.800928
CCU 1513 292 0.311319
CCV 2347 13745 0.841578
CCW 1786 7990 0.908292
CCX 11396 466 0.944823
CCY 9389 13600 0.915952
CCZ 10265 3140 0.615772
CDA 3158 2360 0.534440
CDB 4147 4696 0.513535
CDC 4976 6799 0.709708
CDD 4678 10042 0.257424
CDE 1124 5066 0.338908
CDF 4217 14894 0.619129
CDG 6892 14629 0.147191
CDH 4154 12335 0.058718
CDI 3881 12217 0.625965
CDJ 14680 12458 0.314219
CDK 980 11852 0.120640
CDL 9118 616 0.928037
CDM 5960 10999 0.461959
CDN 11632 3548 0.314798
CDO 8303 2275 0.076266
CDP 3085 9173 0.367290
CDQ 12857 9086 0.910245
CDR 476 2420 0.786920
CDS 14638 13087 0.390820
CDT 1444 179 0.435804
CDU 329 1229 0.634846
CDV 6907 12119 0.167089
CDW 12544 11327 0.851314
CDX 3296 463 0.918912
CDY 2420 2588 0.967559
CDZ 589 7588 0.484420
CEA 2635 10805 0.582293
CEB 3077 2741 0.420820
CEC 2590 8182 0.030976
CED 6152 14659 0.153264
CEE 12220 6473 0.263741
CEF 7760 9917 0.599780
CEG 9404 6451 0.012665
CEH 6247 11440 0.705802
CEI 10234 14483 0.984313
CEJ 13507 12635 0.264595
CEK 11239 440 0.182836
CEL 11570 11411 0.432264
CEM 46 12554 0.572375
CEN 395 4540 0.551256
CEO 4093 3739 0.750267
CEP 1316 13225 0.398633
CEQ 5653 12028 0.750053
CER 12169 5426 0.898526
CES 13975 8090 0.149815
CET 67 10570 0.809626
CEU 10378 7066 0.952635
CEV 8131 5894 0.040712
CEW 6868 11432 0.855312
CEX 13060 8815 0.186407
CEY 13597 7721 0.158238
CEZ 1541 1228 0.737480
CFA 5801 4940 0.311350
CFB 400 3391 0.327403
CFC 12158 13535 0.570757
CFD 10819 9629 0.457747
CFE 11233 12007 0.078494
CFF 11675 8299 0.520920
CFG 235 2153 0.499985
CFH 8852 1199 0.738517
CFI 2078 1138 0.784692
CFJ 12383 3238 0.978881
CFK 9347 7936 0.283090
CFL 7276 8185 0.435224
CFM 8420 7937 0.977020
CFN 11648 9959 0.959502
CFO 12311 5759 0.590442
CFP 3932 11548 0.584338
CFQ 11453 11090 0.468001
CFR 8866 5531 0.548509
CFS 6154 11891 0.960295
CFT 14084 8452 0.095370
CFU 13645 12164 0.269509
CFV 8482 12617 0.567339
CFW 6124 9353 0.905484
CFX 7346 3157 0.992035
CFY 2810 8359 0.708335
CFZ 13075 2386 0.576739
CGA 2303 13910 0.436415
CGB 8927 9316 0.420911
CGC 532 3200 0.817103
CGD 3283 2830 0.445082
CGE 3059 1637 0.343486
CGF 3938 9484 0.146489
CGG 6335 8318 0.594501
CGH 7879 3992 0.449843
CGI 553 1501 0.083316
CGJ 6769 7361 0.751183
CGK 2885 7966 0.228370
CGL 11774 286 0.380871
CGM 10954 6268 0.612079
CGN 14095 179 0.259194
CGO 13606 5353 0.875210
CGP 12029 14789 0.614704
CGQ 9158 14689 0.009827
CGR 2080 89 0.403088
CGS 10639 4096 0.090213
CGT 8626 12293 0.627857
CGU 136 14024 0.239753
CGV 14483 6262 0.251564
CGW 3484 2035 0.501785
CGX 2645 6194 0.918790
CGY 1010 506 0.885830
CGZ 12308 3923 0.417341
CHA 7301 9308 0.823115
CHB 8758 4000 0.806482
CHC 460 7247 0.212683
CHD 857 4427 0.563860
CHE 6103 11909 0.796381
CHF 9508 11002 0.074862
CHG 13298 12863 0.391644
CHH 9088 7162 0.429518
CHI 1423 10994 0.161534
CHJ 14044 4324 0.931852
CHK 10493 11840 0.236366
CHL 6920 266 0.088473
CHM 14353 8425 0.244819
CHN 11522 7556 0.250984
CHO 11386 2716 0.292154
CHP 1454 5357 0.666128
CHQ 14708 9484 0.259621
CHR 968 2618 0.566027
CHS 1828 13058 0.622425
CHT 1030 6556 0.228736
CHU 3634 2549 0.914609
CHV 853 13037 0.785150
CHW 1708 4376 0.136113
CHX 10280 2324 0.065645
CHY 11 7466 0.421491
CHZ 8857 5278 0.095462
CIA 9716 3194 0.800195
CIB 9893 3776 0.082461
CIC 13000 6526 0.497787
CID 2423 4171 0.025269
CIE 10382 517 0.580248
CIF 12836 8654 0.524796
CIG 9964 3941 0.456740
CIH 13124 2144 0.133335
CII 3818 14651 0.453658
CIJ 104 12368 0.750450
CIK 10594 9539 0.979186
CIL 7039 5252 0.294015
CIM 2552 769 0.338572
CIN 7063 4244 0.269417
CIO 1487 9986 0.660939
CIP 10796 9566 0.046754
CIQ 2909 13310 0.282907
CIR 733 5552 0.770135
CIS 2072 12161 0.929044
CIT 5728 12842 0.978668
CIU 2528 12223 0.756554
CIV 5111 4015 0.350749
CIW 8410 12539 0.421094
CIX 1135 2465 0.609272
CIY 14440 2953 0.391064
CIZ 12152 2176 0.674276
CJA 13333 3443 0.421155
CJB 14291 1930 0.745811
CJC 5317 5497 0.010315
CJD 2371 1126 0.266396
CJE 6481 3397 0.446089
CJF 13264 8002 0.778100
CJG 14066 4312 0.295907
CJH 12616 13508 0.674429
CJI 7925 11807 0.575945
CJJ 8237 12913 0.881405
CJK 13303 8287 0.931028
CJL 827 8279 0.706503
CJM 7603 9250 0.622272
CJN 10960 776 0.596545
CJO 7595 2632 0.566607
CJP 6058 2537 0.469497
CJQ 1126 278 0.728172
CJR 7172 6653 0.755455
CJS 9223 10325 0.453749
CJT 9535 4918 0.424726
CJU 2899 12308 0.493667
CJV 10784 470 0.221290
CJW 13562 14002 0.085391
CJX 8425 10595 0.179540
CJY 3970 505 0.220130
CJZ 323 2993 0.411908
CKA 2573 12707 0.692099
CKB 1121 1666 0.234535
CKC 10835 11771 0.367748
CKD 14158 4258 0.074831
CKE 13304 202 0.934446
CKF 2761 10544 0.404126
CKG 1219 3679 0.819514
CKH 755 8096 0.283547
CKI 4975 12494 0.637135
CKJ 3680 3970 0.130100
CKK 10210 11651 0.045656
CKL 3716 11816 0.122715
CKM 5830 8942 0.907346
CKN 13756 3239 0.406079
CKO 3437 9203 0.762322
CKP 3946 4400 0.031831
CKQ 11321 2731 0.481765
CKR 1276 11285 0.532517
CKS 6326 13777 0.177862
CKT 46 6724 0.275887
CKU 6883 7778 0.646016
CKV 805 9700 0.420026
CKW 1495 12143 0.421033
CKX 1925 6097 0.511582
CKY 2429 1874 0.569872
CKZ 13879 13084 0.660817
CLA 10420 13748 0.244484
CLB 2954 3667 0.918119
CLC 245 8239 0.402417
CLD 12467 1463 0.085971
CLE 7627 9278 0.597400
CLF 2351 2980 0.861019
CLG 2630 7708 0.970580
CLH 2789 338 0.028138
CLI 3202 2078 0.160863
CLJ 10408 14680 0.558245
CLK 784 2035 0.425092
CLL 5963 12595 0.007904
CLM 520 2044 0.440382
CLN 1634 9995 0.716544
CLO 9790 9064 0.677389
CLP 5318 2876 0.062746
CLQ 11500 5650 0.508011
CLR 12937 6172 0.607654
CLS 4651 7474 0.971129
CLT 4688 3173 0.437422
CLU 12823 14878 0.989319
CLV 2234 14143 0.552507
CLW 106 14557 0.432508
CLX 6560 9089 0.854213
CLY 772 14629 0.387921
CLZ 14953 3220 0.282479
CMA 11317 13807 0.942656
CMB 1780 4345 0.082247
CMC 5210 13085 0.341716
CMD 9599 6308 0.146184
CME 12116 8308 0.176031
CMF 4001 578 0.024323
CMG 11582 10358 0.904386
CMH 6352 1432 0.631031
CMI 1996 12475 0.148717
CMJ 8981 10040 0.039949
CMK 11182 836 0.446272
CML 10985 2998 0.167547
CMM 5471 862 0.120090
CMN 7417 12451 0.723563
CMO 4414 12776 0.268044
CMP 11114 11060 0.686117
CMQ 4636 350 0.191931
CMR 3436 3467 0.856471
CMS 12569 5558 0.520890
CMT 6379 8768 0.894070
CMU 10532 6445 0.448225
CMV 9841 257 0.751640
CMW 10024 14924 0.527207
CMX 5443 12778 0.742393
CMY 6412 4117 0.980224
CMZ 9590 10177 0.709555
CNA 13316 4075 0.095523
CNB 14611 3631 0.050600
CNC 1988 1178 0.639424
CND 10600 5113 0.804102
CNE 8252 11722 0.923154
CNF 1958 1607 0.758660
CNG 13468 5800 0.863491
CNH 2443 1172 0.717643
CNI 2275 4195 0.680380
CNJ 4861 6842 0.774285
CNK 9038 68 0.417432
CNL 2042 389 0.843196
CNM 14054 13454 0.870540
CNN 3419 1598 0.885281
CNO 1546 3682 0.395367
CNP 5206 9025 0.373302
CNQ 13423 9917 0.058565
CNR 9220 2533 0.704306
CNS 1292 52 0.325022
CNT 5536 818 0.593921
CNU 11047 14381 0.563005
CNV 7600 446 0.116459
CNW 5552 7570 0.720054
CNX 5509 4030 0.101840
CNY 2650 3628 0.204321
CNZ 9026 4928 0.196753
COA 7097 11830 0.923093
COB 4733 611 0.165197
COC 13141 5119 0.203650
COD 7454 13139 0.067690
COE 2390 1907 0.583758
COF 7909 2785 0.944884
COG 3562 182 0.825892
COH 2254 12884 0.664541
COI 7573 14255 0.614978
COJ 541 11560 0.796075
COK 464 1084 0.860378
COL 5738 7177 0.877987
COM 13759 1819 0.971709
CON 8302 13157 0.368908
COO 8252 5644 0.533464
COP 6202 2479 0.042085
COQ 3070 7696 0.095614
COR 3286 5137 0.726463
COS 14033 3010 0.946409
COT 6698 5957 0.237159
COU 2867 2654 0.369671
COV 8639 14390 0.199042
COW 395 1952 0.632252
COX 572 11291 0.375347
COY 6952 2411 0.425855
COZ 12520 2794 0.193701
CPA 1516 9281 0.325816
CPB 6284 13834 0.538469
CPC 376 2392 0.650777
CPD 7781 205 0.677480
CPE 13303 10493 0.540239
CPF 827 14978 0.536546
CPG 190 14954 0.731559
CPH 2317 5440 0.553270
CPI 1735 12991 0.043916
CPJ 11134 10177 0.155614
CPK 5104 13555 0.587176
CPL 11894 11102 0.647084
CPM 6157 670 0.831477
CPN 4319 10451 0.063997
CPO 14974 11390 0.527848
CPP 11675 3481 0.525101
CPQ 14231 703 0.682791
CPR 2759 12476 0.845302
CPS 14695 3746 0.986847
CPT 3433 9085 0.860042
CPU 6812 2443 0.903714
CPV 5093 3983 0.127079
CPW 752 12676 0.668355
CPX 7096 289 0.564562
CPY 394 4258 0.341746
CPZ 7127 3553 0.274422
CQA 12019 7318 0.455123
CQB 14590 4621 0.411451
CQC 9550 14752 0.271554
CQD 2381 1661 0.615986
CQE 10127 9319 0.919492
CQF 2818 4519 0.358592
CQG 9455 5216 0.242714
CQH 11143 5320 0.672628
CQI 5585 9886 0.781732
CQJ 8657 3646 0.297922
CQK 14321 7784 0.484481
CQL 10163 13946 0.356456
CQM 6335 5659 0.159520
CQN 8150 14179 0.446821
CQO 2671 3101 0.960845
CQP 12895 13210 0.609424
CQQ 11609 5591 0.952177
CQR 14911 295 0.101047
CQS 9256 8690 0.669637
CQT 9637 6713 0.449934
CQU 1430 7741 0.202979
CQV 4223 3019 0.967620
CQW 6608 9680 0.279794
CQX 12041 12311 0.896695
CQY 3329 8140 0.784600
CQZ 2176 7714 0.796258
CRA 9724 2839 0.699942
CRB 2672 14798 0.738060
CRC 13594 13196 0.249641
CRD 14372 856 0.529130
CRE 10540 4396 0.672506
CRF 14896 7378 0.615925
CRG 2063 12812 0.191595
CRH 14476 1472 0.686087
CRI 8138 12664 0.987030
CRJ 9116 13711 0.392743
CRK 3464 8861 0.958983
CRL 9877 12437 0.205542
CRM 9485 3494 0.406262
CRN 11240 6263 0.270608
CRO 502 2248 0.066774
CRP 2650 10214 0.459029
CRQ 14456 8666 0.899075
CRR 10934 10385 0.630940
CRS 6178 1328 0.149174
CRT 3475 6656 0.658101
CRU 1349 6977 0.273476
CRV 10852 2213 0.063601
CRW 3511 3371 0.796625
CRX 6434 2102 0.372997
CRY 12511 13937 0.804071
CRZ 1706 578 0.554460
CSA 13295 11861 0.121586
CSB 8245 10159 0.381054
CSC 10630 4073 0.947081
CSD 11854 14588 0.299478
CSE 11257 14530 0.396954
CSF 5071 9461 0.564043
CSG 11867 9914 0.737449
CSH 9751 7744 0.114902
CSI 2222 11692 0.609760
CSJ 1703 635 0.073000
CSK 7861 12581 0.960906
CSL 3592 2687 0.911771
CSM 8146 10556 0.275063
CSN 2528 61 0.479690
CSO 3973 14876 0.695334
CSP 1613 13493 0.203406
CSQ 10420 6758 0.353587
CSR 4523 11776 0.132756
CSS 3059 4081 0.315195
CST 4045 1123 0.115360
CSU 8995 8888 0.616047
CSV 6236 14039 0.437880
CSW 9712 12836 0.552324
CSX 10015 9686 0.865535
CSY 7024 11143 0.298868
CSZ 5225 547 0.280618
CTA 1690 4708 0.707236
CTB 9914 12718 0.183996
CTC 2807 11924 0.394696
CTD 2053 4079 0.310312
CTE 4439 7640 0.604572
CTF 12004 13631 0.641072
CTG 10285 13253 0.421155
CTH 14488 7826 0.304361
CTI 13708 11903 0.386486
CTJ 8017 6169 0.352306
CTK 12164 8818 0.012177
CTL 3682 2171 0.331095
CTM 14522 9137 0.737632
CTN 10118 1625 0.028962
CTO 13928 10696 0.175176
CTP 3061 5423 0.930357
CTQ 119 4079 0.635395
CTR 2746 292 0.843410
CTS 808 12490 0.557878
CTT 11542 12926 0.030335
CTU 13819 14657 0.219550
CTV 4531 7283 0.077090
CTW 7726 10441 0.568987
CTX 10816 6461 0.819666
CTY 1852 3049 0.874630
CTZ 10426 2464 0.021149
CUA 12020 3805 0.695883
CUB 6157 10069 0.292886
CUC 13345 6533 0.118809
CUD 13106 5765 0.097140
CUE 10304 988 0.863247
CUF 12716 7313 0.689138
CUG 298 892 0.393658
CUH 1693 14207 0.667562
CUI 14428 5101 0.176824
CUJ 11858 12145 0.541643
CUK 52 12560 0.347301
CUL 6674 143 0.504410
CUM 14542 9817 0.895352
CUN 2782 8489 0.557543
CUO 88 1454 0.706198
CUP 13141 14470 0.384930
CUQ 9277 7334 0.974761
CUR 5774 2899 0.046388
CUS 4624 13360 0.328135
CUT 12233 3773 0.782708
CUU 10975 1987 0.028687
CUV 8953 12256 0.116520
CUW 2759 6121 0.530686
CUX 2747 3349 0.123447
CUY 5981 14378 0.048524
CUZ 8816 8423 0.357341
CVA 3391 115 0.288888
CVB 506 13190 0.574084
CVC 13781 12433 0.726981
CVD 6809 2503 0.226936
CVE 14372 892 0.395734
CVF 2195 10105 0.833430
CVG 926 14056 0.728843
CVH 11111 13222 0.863613
CVI 6722 7526 0.179357
CVJ 1427 4367 0.893918
CVK 14108 995 0.753197
CVL 7646 9565 0.539659
CVM 1459 11234 0.870602
CVN 3745 4271 0.242561
CVO 10306 8882 0.729728
CVP 2815 8788 0.476913
CVQ 3224 8000 0.214606
CVR 6542 1213 0.470412
CVS 14869 12002 0.994140
CVT 11944 9158 0.241890
CVU 2540 7972 0.420606
CVV 7391 11714 0.758477
CVW 9520 4477 0.785394
CVX 12677 1118 0.440199
CVY 13814 11122 0.042940
CVZ 8381 10048 0.209815
CWA 9739 4898 0.909360
CWB 4727 9409 0.928220
CWC 8906 1196 0.887814
CWD 11623 3877 0.495834
CWE 4141 10810 0.911893
CWF 6917 11573 0.261177
CWG 8966 12589 0.538865
CWH 998 7849 0.785913
CWI 13643 13657 0.605579
CWJ 12938 13762 0.596545
CWK 11806 3455 0.596118
CWL 4564 6970 0.428846
CWM 757 13831 0.293832
CWN 2609 9227 0.770867
CWO 14312 974 0.221015
CWP 4175 14771 0.355144
CWQ 10649 7240 0.535844
CWR 7406 9547 0.769433
CWS 10441 6710 0.082125
CWT 7874 1904 0.668600
CWU 9461 12313 0.796258
CWV 3086 3166 0.307260
CWW 14330 643 0.295175
CWX 5401 8165 0.396252
CWY 884 11206 0.823664
CWZ 9875 2240 0.740043
CXA 9821 9505 0.450423
CXB 5180 6530 0.865291
CXC 2753 5921 0.101016
CXD 13534 2120 0.023957
CXE 7691 11653 0.322245
CXF 518 13142 0.675314
CXG 4114 13010 0.212348
CXH 13966 3853 0.943236
CXI 8515 454 0.353893
CXJ 9106 2848 0.735679
CXK 1157 6043 0.468886
CXL 14518 668 0.323649
CXM 11618 2411 0.511216
CXN 7988 3031 0.335368
CXO 1495 4286 0.639180
CXP 12871 11186 0.451674
CXQ 3023 5996 0.599536
CXR 10295 4088 0.715415
CXS 8642 6140 0.125980
CXT 3268 3787 0.416791
CXU 9532 11872 0.637074
CXV 218 8932 0.111484
CXW 12107 6655 0.434584
CXX 5071 6503 0.596973
CXY 4429 10250 0.378674
CXZ 11740 902 0.736351
CYA 458 4867 0.275613
CYB 4405 1099 0.005127
CYC 10148 2858 0.583819
CYD 6718 13306 0.670400
CYE 1330 7225 0.146428
CYF 8470 1376 0.715781
CYG 5912 14372 0.122440
CYH 14318 12343 0.128880
CYI 12533 12014 0.734977
CYJ 4441 12014 0.090396
CYK 5800 2410 0.512467
CYL 8575 5123 0.075442
CYM 12112 11693 0.989257
CYN 1781 4649 0.020722
CYO 1765 304 0.982482
CYP 5023 10186 0.649373
CYQ 4984 7315 0.196936
CYR 8951 2360 0.907834
CYS 9683 3146 0.653951
CYT 7279 12428 0.376568
CYU 14785 12893 0.918332
CYV 115 6116 0.596759
CYW 8725 4042 0.936033
CYX 8101 14741 0.632313
CYY 10412 3670 0.116581
CYZ 10126 3416 0.984771
CZA 10516 2597 0.727103
CZB 1399 7334 0.324778
CZC 12326 7963 0.329081
CZD 6100 1766 0.522050
CZE 4054 13442 0.516709
CZF 11489 5623 0.267891
CZG 12253 11540 0.223182
CZH 5462 6679 0.324168
CZI 3866 9406 0.981689
CZJ 1940 1627 0.212439
CZK 4913 8255 0.381176
CZL 8696 4756 0.114139
CZM 1624 3697 0.169927
CZN 12713 12295 0.004181
CZO 12808 2777 0.656697
CZP 11765 7724 0.713523
CZQ 4099 2390 0.866268
CZR 2156 2347 0.837733
CZS 11711 11327 0.947813
CZT 13981 9554 0.301096
CZU 8974 8273 0.233222
CZV 6755 12224 0.074557
CZW 5578 12380 0.729514
CZX 1966 4877 0.157964
CZY 7897 743 0.321268
CZZ 6803 9871 0.594745
DAA 173 14840 0.189856
DAB 14714 13586 0.117496
DAC 10679 2618 0.541856
DAD 14236 5320 0.150029
DAE 8983 9623 0.313303
DAF 10568 12904 0.439314
DAG 6043 7918 0.696921
DAH 14233 12293 0.688192
DAI 10117 13289 0.755181
DAJ 9185 7058 0.325632
DAK 10166 1442 0.659169
DAL 9130 14372 0.116489
DAM 5039 11155 0.850703
DAN 7760 9812 0.799310
DAO 9322 14032 0.296121
DAP 13876 10792 0.473373
DAQ 7855 3436 0.602771
DAR 10522 5959 0.161504
DAS 448 12169 0.732231
DAT 12523 1022 0.977264
DAU 13763 2053 0.991882
DAV 4676 9445 0.748497
DAW 11648 14582 0.542619
DAX 1385 3937 0.920866
DAY 11711 14087 0.452010
DAZ 14597 7564 0.205969
DBA 8983 4693 0.972167
DBB 13474 8398 0.880184
DBC 1679 6973 0.856441
DBD 12271 14806 0.999634
DBE 4954 1835 0.773766
DBF 860 6865 0.206458
DBG 11747 10499 0.856868
DBH 4097 5723 0.380871
DBI 4102 7016 0.759545
DBJ 6757 4468 0.270241
DBK 10966 12635 0.920011
DBL 554 6245 0.526322
DBM 2150 8284 0.658589
DBN 5758 3805 0.426038
DBO 9262 14006 0.905087
DBP 1163 7801 0.070009
DBQ 1300 7214 0.375103
DBR 6757 8563 0.166662
DBS 2713 3050 0.526048
DBT 8908 12073 0.746696
DBU 10061 6260 0.240791
DBV 1621 13696 0.435347
DBW 493 9460 0.542467
DBX 7139 4805 0.365398
DBY 2710 683 0.355022
DBZ 8455 2870 0.565386
DCA 10133 2510 0.022523
DCB 8461 10735 0.831843
DCC 1457 1055 0.606677
DCD 11819 7459 0.814844
DCE 6721 11389 0.522141
DCF 7510 13066 0.438215
DCG 10016 11006 0.471419
DCH 11056 7096 0.966369
DCI 14876 5648 0.523728
DCJ 1379 2855 0.139561
DCK 8497 7901 0.178076
DCL 1727 14296 0.959563
DCM 14404 2884 0.978637
DCN 11380 3344 0.035005
DCO 1123 11947 0.337870
DCP 3721 4780 0.025910
DCQ 3365 13558 0.296701
DCR 12998 9011 0.772912
DCS 11281 683 0.630390
DCT 14290 10393 0.293985
DCU 3506 14036 0.627094
DCV 13798 6502 0.098666
DCW 12817 10682 0.639851
DCX 6571 1864 0.334147
DCY 1250 12845 0.773370
DCZ 6782 13304 0.263710
DDA 5281 8759 0.435530
DDB 631 3365 0.611835
DDC 1442 6419 0.587725
DDD 8284 4811 0.514664
DDE 3956 2851 0.990204
DDF 6160 6142 0.317148
DDG 7042 10640 0.186926
DDH 3664 7571 0.381268
DDI 6253 11258 0.029878
DDJ 6230 5699 0.540910
DDK 4625 11360 0.834742
DDL 13127 5840 0.981994
DDM 2122 3922 0.409528
DDN 473 8111 0.264443
DDO 8843 2633 0.833705
DDP 10225 8854 0.065859
DDQ 6730 9494 0.607288
DDR 1352 9877 0.133061
DDS 10558 11710 0.270730
DDT 2062 10207 0.009369
DDU 4012 2468 0.431898
DDV 14980 1108 0.481277
DDW 5272 12070 0.959868
DDX 4471 9287 0.487411
DDY 5678 9488 0.536943
DDZ 4511 8263 0.578845
DEA 2416 2399 0.425916
DEB 2845 9365 0.036378
DEC 8609 2882 0.835017
DED 12467 1894 0.566027
DEE 11177 7529 0.273110
DEF 2069 5863 0.229072
DEG 4736 11581 0.406507
DEH 4346 6356 0.047426
DEI 13520 349 0.782189
DEJ 14372 731 0.679342
DEK 719 10091 0.995911
DEL 8843 12239 0.812464
DEM 5005 8456 0.079470
DEN 10340 3448 0.595752
DEO 6103 7790 0.689962
DEP 5365 3280 0.651601
DEQ 5821 3065 0.722526
DER 4249 14362 0.102634
DES 6338 3803 0.871212
DET 6097 5195 0.737175
DEU 10954 1829 0.044893
DEV 3397 5141 0.047761
DEW 7658 2861 0.040559
DEX 5506 13159 0.537278
DEY 9194 7636 0.105045
DEZ 3179 1217 0.514725
DFA 14411 13057 0.602893
DFB 9635 5560 0.731803
DFC 13627 4123 0.582018
DFD 115 4277 0.759453
DFE 13147 8911 0.208991
DFF 4084 11297 0.098727
DFG 5522 9061 0.462416
DFH 7294 9683 0.789148
DFI 1097 11810 0.748436
DFJ 9295 7681 0.840541
DFK 8408 2065 0.861995
DFL 2411 10376 0.302652
DFM 12137 2161 0.586047
DFN 5024 7754 0.318155
DFO 1124 9836 0.825861
DFP 4060 12715 0.210761
DFQ 8059 5785 0.136540
DFR 8956 9824 0.662343
DFS 14930 98 0.450972
DFT 12109 128 0.455489
DFU 4088 2326 0.370769
DFV 9643 8345 0.230567
DFW 671 13976 0.174505
DFX 11053 5044 0.346812
DFY 4772 12128 0.347392
DFZ 7396 2656 0.378338
DGA 13972 14263 0.572130
DGB 5746 3178 0.135807
DGC 10693 4931 0.363506
DGD 7937 4762 0.513779
DGE 7663 8027 0.509629
DGF 2458 919 0.042879
DGG 4949 10148 0.818384
DGH 14339 13349 0.904141
DGI 8306 8741 0.992096
DGJ 8725 7001 0.459822
DGK 2140 7243 0.383648
DGL 9490 11062 0.203040
DGM 9020 13993 0.553728
DGN 970 292 0.544206
DGO 3686 1574 0.574206
DGP 1142 5509 0.167180
DGQ 2558 10241 0.532823
DGR 715 3289 0.925657
DGS 14294 14471 0.312784
DGT 4597 4474 0.531114
DGU 2858 8567 0.074892
DGV 14989 11302 0.741539
DGW 7868 14423 0.582781
DGX 14047 11507 0.509140
DGY 2269 14377 0.208350
DGZ 10397 6889 0.722037
DHA 10640 3923 0.762597
DHB 7463 6728 0.892880
DHC 3659 11654 0.836024
DHD 2711 12146 0.542405
DHE 14668 634 0.735343
DHF 11389 1294 0.213172
DHG 8597 7331 0.986419
DHH 4082 238 0.161809
DHI 13349 6719 0.367779
DHJ 7913 8743 0.935331
DHK 12430 11192 0.168767
DHL 2 11696 0.367168
DHM 11782 1291 0.452101
DHN 10838 2791 0.156285
DHO 7034 11221 0.175115
DHP 5209 5447 0.240638
DHQ 820 920 0.704215
DHR 11887 6797 0.772423
DHS 11533 14806 0.173254
DHT 2630 7721 0.770074
DHU 10003 7394 0.912687
DHV 8806 12311 0.586779
DHW 1172 6367 0.434858
DHX 11851 2707 0.320414
DHY 4429 13174 0.831629
DHZ 3821 1111 0.324778
DIA 8053 8626 0.541826
DIB 13883 7424 0.185400
DIC 566 3307 0.911527
DID 10063 2156 0.026429
DIE 5411 14777 0.414899
DIF 9442 1277 0.938017
DIG 5899 9790 0.461776
DIH 11890 11084 0.784753
DII 6784 2063 0.008454
DIJ 12476 7865 0.798517
DIK 7646 8021 0.338481
DIL 6041 5780 0.298013
DIM 1682 11405 0.015015
DIN 7181 13567 0.738823
DIO 11248 2380 0.751457
DIP 3527 10237 0.206000
DIQ 4934 8836 0.423109
DIR 1610 12181 0.541948
DIS 6290 992 0.284127
DIT 130 10304 0.677450
DIU 3775 6538 0.272500
DIV 5587 14267 0.535295
DIW 12152 12157 0.720237
DIX 12103 5431 0.218635
DIY 10885 6665 0.450636
DIZ 12481 7289 0.216529
DJA 7963 7300 0.770409
DJB 10724 14731 0.171300
DJC 11344 12724 0.873531
DJD 8494 5860 0.490677
DJE 10558 5309 0.293619
DJF 2278 12487 0.868801
DJG 5251 11342 0.895291
DJH 7307 709 0.737510
DJI 950 4151 0.105930
DJJ 2203 7199 0.919095
DJK 3895 4454 0.290048
DJL 2894 6656 0.427473
DJM 8953 6208 0.971068
DJN 667 3452 0.583636
DJO 8614 3721 0.649739
DJP 4288 6395 0.505539
DJQ 8006 800 0.866543
DJR 6868 6431 0.720573
DJS 8863 10682 0.541581
DJT 4925 5378 0.261055
DJU 13114 5149 0.118686
DJV 10847 2054 0.261116
DJW 12425 11918 0.269417
DJX 2159 14693 0.902921
DJY 3293 721 0.500748
DJZ 14912 14567 0.688101
DKA 9578 3485 0.581835
DKB 2839 1384 0.558367
DKC 7202 6305 0.887509
DKD 3092 13262 0.484909
DKE 11482 3982 0.171728
DKF 7346 1312 0.914548
DKG 2404 5428 0.560289
DKH 6185 4213 0.024049
DKI 13861 9574 0.310404
DKJ 8584 14944 0.221320
DKK 7112 3611 0.756249
DKL 5065 2708 0.864132
DKM 11261 7298 0.460219
DKN 3361 7874 0.874111
DKO 3103 10633 0.555406
DKP 8210 3562 0.923185
DKQ 1045 12845 0.209540
DKR 2215 8903 0.295602
DKS 11153 6845 0.699362
DKT 3658 11851 0.498337
DKU 2779 1087 0.373730
DKV 3622 4871 0.335093
DKW 6880 1588 0.435469
DKX 3634 10816 0.599658
DKY 317 3181 0.605853
DKZ 9158 13696 0.904141
DLA 14927 3949 0.980071
DLB 6460 12145 0.567217
DLC 2972 1489 0.360790
DLD 3818 14494 0.067019
DLE 4532 7208 0.694479
DLF 527 7357 0.439924
DLG 2500 1381 0.556993
DLH 1057 2234 0.305673
DLI 8449 1955 0.568102
DLJ 9179 7573 0.045503
DLK 10240 14569 0.778741
DLL 8050 9193 0.176366
DLM 7448 2033 0.101352
DLN 5429 8606 0.279580
DLO 2447 4391 0.363506
DLP 11171 13819 0.078494
DLQ 776 7349 0.183020
DLR 2716 1955 0.542924
DLS 13714 10472 0.217841
DLT 14224 11026 0.352794
DLU 11332 83 0.055544
DLV 3476 4574 0.805994
DLW 3880 10753 0.705374
DLX 4127 470 0.428877
DLY 1951 13514 0.961882
DLZ 7103 3676 0.268777
DMA 8633 2020 0.450789
DMB 794 14966 0.240089
DMC 13928 3269 0.567522
DMD 12047 2917 0.085482
DME 14075 11594 0.403821
DMF 1988 6520 0.624775
DMG 10769 4243 0.752251
DMH 14929 3679 0.122044
DMI 9611 9457 0.006561
DMJ 8690 14693 0.932524
DMK 1882 10844 0.864101
DML 9017 12713 0.215888
DMM 7676 2515 0.808069
DMN 7141 9679 0.554338
DMO 2320 12536 0.030366
DMP 1819 14177 0.906156
DMQ 13193 1334 0.369976
DMR 11098 727 0.595569
DMS 2444 4325 0.619007
DMT 12088 566 0.103580
DMU 8675 5086 0.806970
DMV 3119 14617 0.409619
DMW 3031 9020 0.443892
DMX 4673 544 0.668630
DMY 1052 790 0.805658
DMZ 10220 6817 0.212378
DNA 3473 10099 0.808374
DNB 3397 14977 0.366131
DNC 14815 8654 0.465773
DND 4013 7169 0.495041
DNE 9751 8803 0.980010
DNF 212 3155 0.166265
DNG 3896 14477 0.807398
DNH 11897 13750 0.454665
DNI 1490 5690 0.191137
DNJ 8671 1513 0.359447
DNK 6949 8287 0.287851
DNL 13331 12661 0.161046
DNM 11983 13025 0.758324
DNN 10492 7508 0.454756
DNO 14498 10369 0.172308
DNP 5410 5486 0.678762
DNQ 5746 6430 0.414594
DNR 2524 3620 0.330210
DNS 11489 12155 0.101413
DNT 2408 4937 0.862758
DNU 11648 6401 0.448805
DNV 2978 6568 0.603595
DNW 3893 6433 0.700125
DNX 2077 9409 0.046815
DNY 4421 631 0.744774
DNZ 4049 12457 0.693136
DOA 10355 5932 0.571215
DOB 8246 2828 0.343364
DOC 1771 119 0.314951
DOD 5815 7319 0.535905
DOE 11687 9031 0.517289
DOF 10754 2291 0.772973
DOG 7501 3541 0.421918
DOH 4310 3463 0.433485
DOI 8347 9154 0.335215
DOJ 8362 3932 0.943083
DOK 13516 8443 0.881497
DOL 1021 3895 0.993286
DOM 1249 13967 0.026276
DON 319 3682 0.494156
DOO 5434 7349 0.641072
DOP 11014 1793 0.634175
DOQ 14446 13597 0.766472
DOR 911 5897 0.032228
DOS 8858 4678 0.227454
DOT 11209 2167 0.625599
DOU 11453 6326 0.479843
DOV 11603 6611 0.766503
DOW 56 6578 0.157323
DOX 11587 4477 0.128300
DOY 4013 6941 0.359630
DOZ 11828 12500 0.570452
DPA 4073 53 0.904294
DPB 7610 10913 0.206030
DPC 13309 9574 0.180059
DPD 6418 10816 0.686209
DPE 5542 1231 0.516556
DPF 1747 13135 0.276498
DPG 6541 4183 0.742882
DPH 9790 523 0.789666
DPI 12992 2063 0.478591
DPJ 6535 500 0.970702
DPK 3154 12766 0.302744
DPL 71 14885 0.635823
DPM 1609 6074 0.910703
DPN 2654 7675 0.869076
DPO 977 9526 0.314432
DPP 2234 658 0.003143
DPQ 12010 6398 0.700217
DPR 7238 482 0.083468
DPS 3344 6091 0.346538
DPT 12680 1765 0.155187
DPU 2612 313 0.658223
DPV 10831 7897 0.153539
DPW 7466 1688 0.504471
DPX 10172 5827 0.538896
DPY 8944 8417 0.295206
DPZ 14810 12167 0.226112
DQA 10111 7828 0.207251
DQB 3982 3202 0.937651
DQC 6427 863 0.309763
DQD 10993 7781 0.986969
DQE 719 632 0.661641
DQF 638 8527 0.798303
DQG 2791 3223 0.383831
DQH 9482 1069 0.312815
DQI 9077 1408 0.876949
DQJ 6083 10073 0.950957
DQK 4042 12524 0.378399
DQL 13256 12023 0.113163
DQM 14980 2609 0.564959
DQN 4639 13978 0.439619
DQO 5792 9419 0.523392
DQP 6055 4292 0.330149
DQQ 493 2119 0.768181
DQR 644 12425 0.683584
DQS 5825 5330 0.695273
DQT 7415 818 0.565264
DQU 7142 1718 0.560442
DQV 1892 3913 0.686789
DQW 10405 2321 0.376385
DQX 4549 10183 0.301950
DQY 11107 9008 0.663381
DQZ 2983 5398 0.515732
DRA 10100 1156 0.389843
DRB 4127 4523 0.192724
DRC 1453 12248 0.322855
DRD 1910 11165 0.762810
DRE 11197 1697 0.003296
DRF 7006 12254 0.379131
DRG 3380 10471 0.288858
DRH 14092 5782 0.215400
DRI 2452 13270 0.495712
DRJ 9779 14987 0.314066
DRK 4160 1669 0.242439
DRL 1036 8290 0.448408
DRM 5794 1328 0.780755
DRN 3739 10261 0.054537
DRO 4651 140 0.514115
DRP 10421 7697 0.559526
DRQ 14143 13714 0.180670
DRR 7511 1646 0.493973
DRS 10508 6961 0.436537
DRT 9103 11041 0.765709
DRU 682 9982 0.944273
DRV 2419 1426 0.502731
DRW 7870 8159 0.176061
DRX 3943 3133 0.079958
DRY 2860 46 0.602557
DRZ 1831 10046 0.445601
DSA 10822 10657 0.386425
DSB 2161 3530 0.786737
DSC 11978 4096 0.756462
DSD 10003 491 0.044893
DSE 13820 2665 0.528336
DSF 10072 3214 0.934812
DSG 958 5017 0.389416
DSH 14458 7021 0.058107
DSI 3091 12932 0.198981
DSJ 12185 2293 0.566973
DSK 220 1810 0.299753
DSL 13174 3995 0.738731
DSM 10834 3250 0.315226
DSN 6713 9418 0.904233
DSO 1799 2293 0.745201
DSP 6229 14801 0.548906
DSQ 9743 13156 0.493484
DSR 3022 2035 0.204138
DSS 2489 7177 0.894620
DST 11797 12703 0.093081
DSU 7601 9070 0.471236
DSV 316 14596 0.511704
DSW 8591 14267 0.179968
DSX 2692 6781 0.740898
DSY 1658 10961 0.913114
DSZ 3994 7928 0.021546
DTA 3815 8081 0.142338
DTB 3341 8161 0.908109
DTC 4417 3659 0.445143
DTD 1364 9773 0.270119
DTE 8947 10924 0.865780
DTF 3385 622 0.464980
DTG 6388 6785 0.261879
DTH 8983 1012 0.876888
DTI 9805 14447 0.593066
DTJ 6934 4034 0.239814
DTK 5737 2866 0.149113
DTL 6025 5090 0.052858
DTM 11774 5692 0.616657
DTN 5476 11299 0.087344
DTO 10304 229 0.266396
DTP 2323 13709 0.595721
DTQ 5330 10975 0.038759
DTR 12520 797 0.490127
DTS 12011 5258 0.533189
DTT 12314 11269 0.589801
DTU 12427 5837 0.494461
DTV 11179 2339 0.161840
DTW 10805 7025 0.962340
DTX 5171 13364 0.530076
DTY 2080 955 0.431227
DTZ 596 1133 0.621570
DUA 7163 14050 0.784234
DUB 3187 11219 0.088504
DUC 12815 613 0.039125
DUD 12920 1162 0.207160
DUE 3200 9701 0.706290
DUF 4540 4123 0.242073
DUG 6062 13741 0.424970
DUH 364 11741 0.497208
DUI 4234 2333 0.150273
DUJ 13294 12196 0.980377
DUK 7154 13927 0.124271
DUL 3808 59 0.609424
DUM 2755 4370 0.812586
DUN 11951 13672 0.312540
DUO 824 7633 0.545213
DUP 14192 11969 0.345439
DUQ 13531 6358 0.389813
DUR 13603 2903 0.791528
DUS 968 8089 0.437513
DUT 5080 3064 0.649342
DUU 9713 10291 0.814875
DUV 7300 1577 0.274545
DUW 11489 8710 0.980926
DUX 13072 7135 0.349925
DUY 13117 13988 0.845851
DUZ 2899 12184 0.139073
DVA 7513 8774 0.586077
DVB 12256 3365 0.654653
DVC 12686 3187 0.352824
DVD 4709 1613 0.672048
DVE 13483 10994 0.002655
DVF 56 10124 0.364330
DVG 1696 11875 0.145177
DVH 11294 10109 0.852229
DVI 14923 11138 0.827265
DVJ 722 5777 0.277383
DVK 10300 1250 0.684011
DVL 2930 14923 0.243416
DVM 3089 11059 0.005737
DVN 3001 13789 0.752190
DVO 13933 451 0.522752
DVP 8354 8948 0.218207
DVQ 14080 2825 0.423719
DVR 3233 3980 0.896329
DVS 10928 9809 0.820460
DVT 11777 12101 0.230140
DVU 4322 298 0.178014
DVV 4456 14827 0.351756
DVW 3089 14138 0.770653
DVX 7957 1463 0.353618
DVY 1336 2380 0.624195
DVZ 4571 4433 0.144230
DWA 13330 13946 0.290414
DWB 2362 6182 0.810297
DWC 14224 8608 0.792871
DWD 13376 10924 0.565966
DWE 3625 5330 0.812494
DWF 1159 8408 0.700247
DWG 12917 2930 0.268838
DWH 9641 9205 0.560259
DWI 14513 7916 0.525101
DWJ 1675 11168 0.657186
DWK 1261 1403 0.127232
DWL 11456 13624 0.577013
DWM 1216 7742 0.902554
DWN 1826 12502 0.646290
DWO 6551 9496 0.019623
DWP 1172 5564 0.367290
DWQ 2665 1651 0.870479
DWR 2462 7294 0.623035
DWS 11972 2279 0.004608
DWT 7138 12754 0.686483
DWU 8396 9376 0.449995
DWV 10004 8974 0.272530
DWW 8998 12506 0.216010
DWX 12736 1955 0.374218
DWY 608 866 0.223731
DWZ 9431 245 0.547411
DXA 13445 6472 0.962981
DXB 5072 4123 0.780023
DXC 6869 5602 0.468154
DXD 8225 5129 0.223334
DXE 8353 3241 0.355205
DXF 10346 9776 0.003388
DXG 9404 4153 0.295358
DXH 10562 12776 0.190924
DXI 13858 14956 0.047639
DXJ 14957 10306 0.917234
DXK 3830 4426 0.648732
DXL 8018 2426 0.702719
DXM 10484 2093 0.197729
DXN 1066 13436 0.442915
DXO 4103 8768 0.495529
DXP 8822 7144 0.293832
DXQ 538 6130 0.229469
DXR 2363 12413 0.046449
DXS 14017 248 0.060884
DXT 4267 10873 0.595508
DXU 14471 2993 0.497909
DXV 292 178 0.923917
DXW 395 2468 0.446059
DXX 9247 6472 0.759575
DXY 5437 12878 0.447645
DXZ 4937 6464 0.844813
DYA 8326 3871 0.475661
DYB 4934 1601 0.713401
DYC 13016 9812 0.359325
DYD 97 2420 0.122959
DYE 11887 7432 0.116947
DYF 8692 3629 0.963347
DYG 6989 9172 0.277718
DYH 1364 9053 0.682699
DYI 11540 9394 0.315073
DYJ 3475 13646 0.166051
DYK 3481 3916 0.215217
DYL 11351 14116 0.689505
DYM 736 9386 0.588275
DYN 3518 14123 0.185797
DYO 6272 14419 0.224494
DYP 7316 6947 0.714042
DYQ 686 2357 0.226325
DYR 91 7114 0.857234
DYS 7283 5315 0.434065
DYT 6055 10288 0.898038
DYU 13823 13820 0.436720
DYV 10108 13865 0.171606
DYW 2086 8962 0.640217
DYX 5861 10799 0.090793
DYY 55 3083 0.281137
DYZ 13876 12242 0.105838
DZA 7376 3355 0.549913
DZB 11651 11612 0.425489
DZC 3983 4937 0.747459
DZD 10501 205 0.812922
DZE 5068 9868 0.267220
DZF 4933 8734 0.303018
DZG 5237 3796 0.799768
DZH 4679 8252 0.392071
DZI 1619 2699 0.118046
DZJ 8191 2005 0.253639
DZK 1096 766 0.750816
DZL 13606 1985 0.958159
DZM 4312 10501 0.406201
DZN 14176 9040 0.643574
DZO 10345 13405 0.800439
DZP 3464 7156 0.228370
DZQ 8402 457 0.195227
DZR 7480 1336 0.696463
DZS 11357 7793 0.083895
DZT 14053 1259 0.345439
DZU 3002 10204 0.708975
DZV 473 3500 0.797998
DZW 9422 6914 0.073428
DZX 521 9043 0.155705
DZY 517 14456 0.445326
DZZ 11684 4549 0.552355
EAA 7274 10819 0.677480
EAB 2207 8929 0.661336
EAC 11390 1919 0.596515
EAD 4706 9922 0.559435
EAE 10100 8341 0.880428
EAF 9907 4022 0.864620
EAG 4093 10112 0.869747
EAH 3920 9881 0.381573
EAI 1009 2423 0.267586
EAJ 8711 8663 0.724265
EAK 7256 2644 0.301981
EAL 3632 2749 0.668386
EAM 14767 11564 0.278451
EAN 14002 13195 0.441145
EAO 2972 6083 0.162816
EAP 13295 1198 0.908597
EAQ 9958 106 0.532273
EAR 11872 7469 0.793298
EAS 14567 3245 0.538652
EAT 632 3637 0.777581
EAU 4042 13928 0.069491
EAV 1940 6190 0.738182
EAW 4939 10876 0.692434
EAX 326 11813 0.549364
EAY 9002 14651 0.853328
EAZ 1856 6883 0.001587
EBA 292 353 0.792749
EBB 14119 1994 0.541856
EBC 11929 131 0.374371
EBD 14843 1024 0.871395
EBE 8462 1640 0.105350
EBF 5125 14110 0.063784
EBG 3454 5489 0.702963
EBH 14605 4897 0.915098
EBI 12886 254 0.241676
EBJ 3781 10298 0.832911
EBK 14048 1511 0.832148
EBL 13993 9863 0.840297
EBM 1129 3911 0.557726
EBN 10015 2339 0.332926
EBO 1898 8810 0.655629
EBP 865 14534 0.215979
EBQ 2342 10444 0.296793
EBR 7214 6833 0.079226
EBS 4214 14684 0.424238
EBT 13354 2785 0.274453
EBU 12070 5144 0.570574
EBV 2629 5296 0.261361
EBW 13048 1816 0.024567
EBX 10606 3053 0.511521
EBY 8320 880 0.771447
EBZ 922 10928 0.730979
ECA 9200 7352 0.923795
ECB 7579 824 0.304636
ECC 10979 4298 0.510331
ECD 13280 6491 0.804682
ECE 8489 5755 0.123783
ECF 6971 1969 0.267342
ECG 3334 1990 0.673879
ECH 74 1288 0.849666
ECI 5917 838 0.969665
ECJ 13430 7958 0.558611
ECK 9530 12647 0.694143
ECL 5254 5815 0.121616
ECM 1748 13228 0.154485
ECN 4592 11000 0.866268
ECO 10810 7364 0.625294
ECP 9337 2579 0.823115
ECQ 12604 13184 0.765923
ECR 8459 12115 0.282601
ECS 9368 13201 0.120426
ECT 11249 206 0.851588
ECU 12473 109 0.716971
ECV 11669 1315 0.791803
ECW 2072 733 0.902799
ECX 13988 11233 0.205329
ECY 5846 758 0.405774
ECZ 10571 12074 0.587085
EDA 1589 13718 0.824488
EDB 5965 146 0.516831
EDC 4567 10322 0.947264
EDD 4732 9220 0.936796
EDE 10087 14267 0.107273
EDF 10663 3376 0.681295
EDG 10666 2615 0.821039
EDH 13048 13223 0.818110
EDI 8707 5957 0.858608
EDJ 11432 262 0.049989
EDK 9185 725 0.278909
EDL 3013 14150 0.036927
EDM 2975 12080 0.456557
EDN 5680 12073 0.156743
EDO 2363 7868 0.356151
EDP 731 6746 0.053163
EDQ 11509 3521 0.897977
EDR 7738 2069 0.446242
EDS 1093 7405 0.829737
EDT 4726 11432 0.229438
EDU 13259 4874 0.703116
EDV 8908 13490 0.973205
EDW 7292 14042 0.967650
EDX 13864 6061 0.722587
EDY 6529 10850 0.470779
EDZ 8189 4502 0.540788
EEA 6490 9548 0.413282
EEB 335 14930 0.736595
EEC 9602 10820 0.677297
EED 325 478 0.247566
EEE 1052 8248 0.048006
EEF 8330 7354 0.355296
EEG 7733 905 0.813898
EEH 12323 13100 0.911069
EEI 14024 4639 0.175970
EEJ 286 8030 0.674337
EEK 5791 6650 0.455123
EEL 997 3574 0.337199
EEM 9098 4601 0.875271
EEN 95 13397 0.450179
EEO 1373 3050 0.353252
EEP 4972 3574 0.904233
EEQ 9995 3005 0.858455
EER 7247 7729 0.985931
EES 2227 14123 0.151311
EET 6250 10267 0.429670
EEU 4762 7702 0.686972
EEV 14345 2224 0.471969
EEW 8170 5570 0.809381
EEX 5798 10924 0.789422
EEY 2504 11912 0.682455
EEZ 9521 14510 0.500473
EFA 5681 1798 0.337260
EFB 2242 14888 0.257454
EFC 4606 10627 0.379467
EFD 11449 13985 0.972503
EFE 12157 2537 0.927793
EFF 5645 14353 0.035066
EFG 10552 2483 0.862545
EFH 1342 14665 0.116489
EFI 9584 400 0.083987
EFJ 11332 7628 0.938139
EFK 8732 7403 0.832179
EFL 2539 10309 0.836726
EFM 10234 6917 0.834468
EFN 4123 11216 0.711417
EFO 11407 1840 0.742790
EFP 14416 14905 0.110630
EFQ 5308 265 0.630146
EFR 12736 14342 0.938780
EFS 12670 749 0.856777
EFT 5309 14296 0.653798
EFU 8212 8887 0.016449
EFV 8335 8378 0.017518
EFW 11917 14864 0.558458
EFX 3055 9427 0.571123
EFY 3142 4003 0.674886
EFZ 12620 13616 0.166204
EGA 14876 3514 0.771355
EGB 1793 2923 0.213202
EGC 3511 3758 0.927122
EGD 7750 1838 0.934080
EGE 4004 4468 0.822840
EGF 9607 6062 0.956450
EGG 11536 1988 0.295999
EGH 11213 8012 0.181585
EGI 5155 12118 0.599780
EGJ 3145 6955 0.125828
EGK 6872 895 0.216773
EGL 1831 1136 0.000214
EGM 1654 7247 0.338878
EGN 6971 13921 0.778954
EGO 1384 1544 0.492721
EGP 1880 968 0.540391
EGQ 1058 6878 0.895718
EGR 5641 3863 0.570116
EGS 4807 14776 0.588153
EGT 8881 4658 0.216407
EGU 2009 283 0.835871
EGV 2927 9383 0.413404
EGW 1618 2275 0.353740
EGX 10514 5335 0.257179
EGY 1976 12739 0.192022
EGZ 6814 6715 0.163030
EHA 293 5429 0.276681
EHB 10204 6334 0.071291
EHC 4642 3242 0.231208
EHD 4079 8483 0.030519
EHE 4939 9139 0.850307
EHF 8605 6701 0.395398
EHG 11983 13583 0.074923
EHH 14594 4462 0.956328
EHI 6662 13315 0.156255
EHJ 4462 10682 0.694418
EHK 12397 14915 0.517228
EHL 2570 4340 0.655751
EHM 1624 6679 0.253914
EHN 11524 5929 0.782434
EHO 6218 14398 0.883206
EHP 14119 2192 0.557360
EHQ 14737 3826 0.469436
EHR 14204 9337 0.133274
EHS 3883 12691 0.272683
EHT 13924 1073 0.352641
EHU 8315 7021 0.179571
EHV 10571 3071 0.849116
EHW 6866 4573 0.032289
EHX 9920 12941 0.375591
EHY 1546 14458 0.183050
EHZ 13360 8392 0.755943
EIA 10753 3844 0.799707
EIB 5189 1822 0.531602
EIC 9110 14684 0.253639
EID 6944 3034 0.594928
EIE 3428 2354 0.963866
EIF 10117 2690 0.993347
EIG 14758 13208 0.968719
EIH 11816 8902 0.778191
EII 3254 13054 0.885281
EIJ 7621 14099 0.383435
EIK 3334 2639 0.406751
EIL 6839 3478 0.677602
EIM 14477 4586 0.719565
EIN 3343 10310 0.661977
EIO 2828 7273 0.808069
EIP 12746 3121 0.915922
EIQ 12334 6161 0.188208
EIR 7961 955 0.437941
EIS 6464 14492 0.791803
EIT 3544 10235 0.628040
EIU 5885 2599 0.140599
EIV 4373 2395 0.923093
EIW 1729 12037 0.223548
EIX 11171 14848 0.162450
EIY 16 13187 0.250679
EIZ 2555 10307 0.247414
EJA 10951 11126 0.327006
EJB 9073 1732 0.190161
EJC 4111 6785 0.691946
EJD 895 7099 0.354472
EJE 7373 362 0.133641
EJF 12725 2939 0.691092
EJG 10411 4373 0.135014
EJH 3383 7543 0.195471
EJI 10276 185 0.863826
EJJ 9311 3299 0.785791
EJK 1799 10621 0.911191
EJL 11416 1346 0.441298
EJM 3878 6415 0.333415
EJN 14503 3949 0.882076
EJO 9926 584 0.685415
EJP 395 14600 0.430403
EJQ 11299 14996 0.979797
EJR 14630 3887 0.104312
EJS 4874 3293 0.483230
EJT 7627 11026 0.572192
EJU 1502 14783 0.600055
EJV 6118 2930 0.475265
EJW 1402 5699 0.414655
EJX 589 793 0.923887
EJY 1373 3887 0.396741
EJZ 12319 11054 0.817866
EKA 521 2800 0.939207
EKB 2143 568 0.160253
EKC 3116 11498 0.423200
EKD 11992 13360 0.847346
EKE 13226 3539 0.015748
EKF 2638 5780 0.654530
EKG 13816 9700 0.023591
EKH 6182 7427 0.420759
EKI 12415 4912 0.980773
EKJ 10613 8738 0.889309
EKK 2741 3842 0.360515
EKL 6388 3625 0.414136
EKM 14147 14243 0.498856
EKN 8347 5992 0.916532
EKO 7408 8854 0.624378
EKP 419 9673 0.194708
EKQ 7589 5270 0.429334
EKR 4288 13805 0.084780
EKS 2614 4499 0.018097
EKT 541 7447 0.158086
EKU 524 12548 0.952727
EKV 12775 5822 0.753227
EKW 3215 3239 0.111118
EKX 8111 3092 0.298410
EKY 3203 10726 0.800348
EKZ 11114 7552 0.210089
ELA 3247 5255 0.656026
ELB 9886 14438 0.280435
ELC 4192 12388 0.931669
ELD 13922 9551 0.515671
ELE 2224 6554 0.462020
ELF 1715 3646 0.982482
ELG 9002 1928 0.502335
ELH 506 2651 0.487381
ELI 4393 1841 0.418744
ELJ 1868 2821 0.978637
ELK 2078 5768 0.467086
ELL 4297 12464 0.546281
ELM 8689 112 0.264199
ELN 5368 1616 0.929350
ELO 515 7054 0.661275
ELP 5969 9811 0.643910
ELQ 5783 5761 0.190588
ELR 13009 6334 0.348735
ELS 11366 3803 0.704398
ELT 13633 9974 0.987426
ELU 2507 2303 0.881771
ELV 8503 7523 0.717978
ELW 506 9980 0.569842
ELX 3002 4129 0.782983
ELY 295 14720 0.076174
ELZ 7213 14320 0.412671
EMA 10462 13727 0.164434
EMB 397 1025 0.714896
EMC 11566 929 0.248787
EMD 3085 1394 0.413862
EME 4460 14608 0.761437
EMF 11464 385 0.380139
EMG 13762 10912 0.505997
EMH 6061 12628 0.270638
EMI 13225 4760 0.630604
EMJ 10847 3748 0.396649
EMK 3847 14876 0.287210
EML 2731 4343 0.283731
EMM 14324 4561 0.709616
EMN 770 9977 0.404187
EMO 13727 2108 0.966796
EMP 253 13436 0.378399
EMQ 2222 14870 0.660115
EMR 3677 4451 0.676443
EMS 8758 7118 0.949980
EMT 13072 5983 0.635517
EMU 12970 8951 0.152165
EMV 2936 197 0.563341
EMW 1462 10543 0.357006
EMX 3800 901 0.949675
EMY 6016 2225 0.721122
EMZ 3152 8866 0.482162
ENA 13229 10375 0.888730
ENB 5711 755 0.783044
ENC 7682 11827 0.040376
END 61 10921 0.676199
ENE 8935 14605 0.967406
ENF 3596 10901 0.483444
ENG 13087 6028 0.954192
ENH 5006 10133 0.459731
ENI 13634 2320 0.747002
ENJ 14180 13466 0.135990
ENK 1913 13606 0.113346
ENL 14570 407 0.168035
ENM 3973 10930 0.086245
ENN 2600 13037 0.416334
ENO 5570 13477 0.559069
ENP 2053 9866 0.531480
ENQ 5869 7768 0.078127
ENR 13577 4612 0.414777
ENS 299 1970 0.096957
ENT 9931 8420 0.691733
ENU 10280 4151 0.230140
ENV 847 2665 0.899930
ENW 12161 13816 0.806482
ENX 8977 12496 0.579852
ENY 12859 1162 0.888272
ENZ 7108 2347 0.990265
EOA 5149 12199 0.528367
EOB 12323 11783 0.873928
EOC 8269 3731 0.999237
EOD 12613 11962 0.703055
EOE 8282 3352 0.674795
EOF 3530 6259 0.255959
EOG 3634 1906 0.804132
EOH 13775 944 0.348643
EOI 3760 8828 0.205054
EOJ 1952 12329 0.186102
EOK 11528 14483 0.557665
EOL 8014 11626 0.239296
EOM 4595 13487 0.111637
EON 7009 5581 0.913266
EOO 8114 14047 0.866298
EOP 14002 1667 0.681387
EOQ 11342 6484 0.259163
EOR 2014 13894 0.940733
EOS 14090 10604 0.739311
EOT 5011 14311 0.719230
EOU 2840 10564 0.920927
EOV 9346 3509 0.665914
EOW 7631 10681 0.946867
EOX 9593 6148 0.599963
EOY 706 4681 0.856532
EOZ 6520 5098 0.412244
EPA 2579 86 0.777947
EPB 14054 7766 0.427656
EPC 6632 1946 0.274117
EPD 6961 12323 0.572680
EPE 389 10073 0.792718
EPF 6566 8602 0.975738
EPG 1547 10186 0.521104
EPH 1481 6083 0.083254
EPI 3226 6217 0.662832
EPJ 8306 8018 0.126194
EPK 2051 6548 0.847377
EPL 5902 12316 0.945341
EPM 34 7270 0.693197
EPN 10796 1505 0.904813
EPO 6656 4862 0.084109
EPP 8404 3590 0.015595
EPQ 1295 5800 0.119266
EPR 2191 9883 0.580432
EPS 2423 8206 0.582965
EPT 10378 533 0.782281
EPU 104 14284 0.773370
EPV 10672 6881 0.797845
EPW 8494 8711 0.258187
EPX 8603 8362 0.346385
EPY 7094 490 0.213935
EPZ 8050 9046 0.212256
EQA 13733 5179 0.076266
EQB 5641 12796 0.327097
EQC 13273 1451 0.911679
EQD 9944 775 0.594897
EQE 13445 12466 0.836695
EQF 607 10822 0.909238
EQG 2687 10685 0.585467
EQH 7919 1562 0.877468
EQI 11617 4880 0.587176
EQJ 10502 14627 0.752403
EQK 8848 11519 0.283151
EQL 1909 6926 0.105380
EQM 8318 2156 0.517838
EQN 5989 9920 0.980163
EQO 1031 10762 0.299753
EQP 688 3217 0.767724
EQQ 14143 11611 0.677084
EQR 12509 14711 0.967986
EQS 7700 916 0.527360
EQT 14546 6073 0.472732
EQU 11800 14747 0.354015
EQV 1522 2786 0.148778
EQW 2440 10262 0.330638
EQX 6251 5465 0.438154
EQY 245 3562 0.470412
EQZ 13586 3211 0.554796
ERA 14506 8584 0.541246
ERB 290 127 0.764367
ERC 8237 5852 0.826014
ERD 3992 23 0.314493
ERE 8558 3950 0.665212
ERF 6569 7093 0.959716
ERG 9800 5300 0.541459
ERH 7508 14959 0.823420
ERI 3341 12755 0.897122
ERJ 13465 5548 0.686453
ERK 9778 6041 0.542039
ERL 3793 8492 0.807459
ERM 12799 11984 0.034333
ERN 1339 2519 0.196295
ERO 943 4607 0.426099
ERP 5288 913 0.997589
ERQ 9688 2248 0.885800
ERR 1570 572 0.423872
ERS 10739 4993 0.562212
ERT 416 9743 0.634632
ERU 2369 4637 0.268166
ERV 14653 13961 0.207404
ERW 8377 550 0.758415
ERX 10859 1939 0.522843
ERY 4157 12139 0.184301
ERZ 4924 8420 0.604938
ESA 12890 12553 0.347575
ESB 7406 92 0.851039
ESC 12695 3235 0.276498
ESD 14566 428 0.775170
ESE 6284 7607 0.032472
ESF 4529 9257 0.500137
ESG 3472 1498 0.149144
ESH 7783 14344 0.391278
ESI 7105 2717 0.334452
ESJ 4369 11330 0.055696
ESK 973 2156 0.654378
ESL 3820 1409 0.056917
ESM 9674 5278 0.989166
ESN 10091 3052 0.244423
ESO 1489 10501 0.734031
ESP 13664 8501 0.692770
ESQ 8387 1978 0.133518
ESR 5915 14705 0.012879
ESS 335 10283 0.912442
EST 9161 2969 0.362468
ESU 2222 11938 0.627583
ESV 13960 6808 0.968200
ESW 10768 7999 0.032899
ESX 1963 8777 0.507157
ESY 5750 11435 0.354228
ESZ 8419 14855 0.398053
ETA 7300 1222 0.332469
ETB 1810 13912 0.056368
ETC 6509 7505 0.842128
ETD 2119 9914 0.590167
ETE 14182 11764 0.447981
ETF 12349 12541 0.385174
ETG 292 10745 0.053804
ETH 11236 6917 0.668996
ETI 3320 1195 0.447829
ETJ 2452 12472 0.585376
ETK 2453 8068 0.684042
ETL 3904 4285 0.668844
ETM 3113 1652 0.482650
ETN 14441 5912 0.020173
ETO 10748 12520 0.811609
ETP 8305 125 0.061983
ETQ 12814 10699 0.148961
ETR 3149 10508 0.630726
ETS 1537 6586 0.248115
ETT 7184 9247 0.460952
ETU 6169 7132 0.159490
ETV 2873 12047 0.963164
ETW 9620 8639 0.428297
ETX 14954 7295 0.712851
ETY 4546 6386 0.413800
ETZ 5476 6740 0.385479
EUA 5914 14813 0.184454
EUB 10276 455 0.105380
EUC 3052 2746 0.063173
EUD 11714 2608 0.462355
EUE 3563 10169 0.250069
EUF 7639 10793 0.903012
EUG 4412 10007 0.663289
EUH 14704 4834 0.956969
EUI 3991 12139 0.835200
EUJ 11018 13762 0.931486
EUK 3205 13006 0.008515
EUL 10219 12569 0.428388
EUM 10183 11042 0.117924
EUN 3881 1675 0.430555
EUO 6560 10031 0.741844
EUP 11080 9853 0.893887
EUQ 13606 10643 0.996124
EUR 13525 11416 0.892666
EUS 4249 8362 0.333415
EUT 12838 12286 0.523850
EUU 10636 3568 0.941771
EUV 910 13799 0.106510
EUW 1085 7124 0.522752
EUX 13763 253 0.838984
EUY 9808 5374 0.303537
EUZ 7847 6532 0.125156
EVA 544 9932 0.816767
EVB 10553 431 0.378246
EVC 3796 6097 0.899686
EVD 8819 341 0.375805
EVE 8213 5515 0.138798
EVF 11078 13222 0.306101
EVG 2024 2542 0.245979
EVH 13255 12416 0.631611
EVI 12304 6994 0.221473
EVJ 5734 4204 0.927976
EVK 11054 9127 0.262215
EVL 5648 8489 0.063234
EVM 2429 6598 0.837580
EVN 5131 1594 0.582720
EVO 13364 7934 0.800806
EVP 946 6028 0.089389
EVQ 4670 8915 0.462447
EVR 7450 12862 0.880856
EVS 6170 4408 0.841517
EVT 1049 5713 0.244819
EVU 9032 142 0.461959
EVV 13415 3938 0.757134
EVW 8290 706 0.695944
EVX 1315 2897 0.784631
EVY 2500 11633 0.399518
EVZ 11909 7745 0.306284
EWA 9899 8414 0.065523
EWB 2977 977 0.243751
EWC 2929 5942 0.555773
EWD 2506 4519 0.870968
EWE 13451 11612 0.296731
EWF 4796 9557 0.670370
EWG 2579 268 0.255440
EWH 7531 6424 0.349956
EWI 12043 359 0.677358
EWJ 5255 764 0.751518
EWK 10102 694 0.093997
EWL 8560 752 0.196356
EWM 4339 12406 0.117527
EWN 10571 1616 0.550462
EWO 4001 1940 0.658895
EWP 13601 10843 0.073611
EWQ 5914 13790 0.059328
EWR 2315 7574 0.073855
EWS 11996 10253 0.838435
EWT 1592 6317 0.638508
EWU 5863 2198 0.958495
EWV 13097 10079 0.388012
EWW 14363 776 0.312357
EWX 5084 14603 0.420057
EWY 11063 5204 0.182257
EWZ 3376 5770 0.502213
EXA 9191 2188 0.317972
EXB 5821 8348 0.262734
EXC 6292 3296 0.667135
EXD 13004 938 0.739067
EXE 13285 5549 0.285134
EXF 1880 8411 0.302866
EXG 9941 1324 0.179724
EXH 13537 10681 0.809412
EXI 8251 13618 0.434309
EXJ 4619 12827 0.947081
EXK 1822 14947 0.525346
EXL 14315 12097 0.311167
EXM 13340 3491 0.931364
EXN 8459 3781 0.821345
EXO 4615 5839 0.547227
EXP 8549 13426 0.870968
EXQ 4196 4369 0.692282
EXR 3904 9929 0.159520
EXS 8647 5513 0.260811
EXT 5168 251 0.646870
EXU 8419 319 0.432844
EXV 14567 12479 0.600238
EXW 805 14741 0.966399
EXX 4132 5609 0.411237
EXY 12196 3802 0.055269
EXZ 13532 79 0.860408
EYA 3964 9368 0.683950
EYB 11389 941 0.932493
EYC 8635 2257 0.967254
EYD 5536 817 0.254707
EYE 9251 12893 0.754265
EYF 6337 7283 0.874355
EYG 4865 12938 0.425794
EYH 8062 11500 0.529588
EYI 11945 12287 0.949461
EYJ 4592 13568 0.931516
EYK 10888 2338 0.500778
EYL 184 3923 0.980132
EYM 12983 4193 0.937437
EYN 607 1474 0.420362
EYO 5401 2732 0.750908
EYP 12053 1961 0.319071
EYQ 518 7997 0.443190
EYR 2192 12892 0.043397
EYS 14458 8192 0.206488
EYT 967 2332 0.266793
EYU 4276 11197 0.951384
EYV 9518 6034 0.046449
EYW 472 8489 0.752709
EYX 653 4450 0.330149
EYY 12823 12647 0.293710
EYZ 6944 485 0.487014
EZA 13088 8090 0.506912
EZB 1709 13445 0.740043
EZC 2504 6806 0.964568
EZD 14038 8009 0.832850
EZE 7336 13729 0.283761
EZF 9641 4514 0.015717
EZG 3838 6943 0.509171
EZH 10088 7763 0.609272
EZI 11087 167 0.742241
EZJ 7496 9746 0.124851
EZK 3482 5333 0.827692
EZL 248 6931 0.314035
EZM 9863 6128 0.307657
EZN 14150 12376 0.707877
EZO 5824 13672 0.738975
EZP 9881 8782 0.318735
EZQ 4394 14155 0.463240
EZR 5536 13304 0.335826
EZS 7061 3932 0.647969
EZT 7138 2311 0.974853
EZU 12100 12826 0.504318
EZV 4396 10955 0.269906
EZW 2134 3902 0.660390
EZX 13633 11495 0.644185
EZY 3208 8648 0.349223
EZZ 1504 6191 0.691916
FAA 6214 13492 0.988250
FAB 11369 4231 0.871456
FAC 8276 9416 0.500626
FAD 13292 6121 0.873959
FAE 14290 3407 0.990417
FAF 6911 1994 0.418317
FAG 3647 11060 0.750999
FAH 11926 10754 0.256417
FAI 14456 4063 0.691336
FAJ 4901 7271 0.377575
FAK 9404 2627 0.725852
FAL 1163 1060 0.903134
FAM 3748 2855 0.122410
FAN 12881 4661 0.086123
FAO 5126 11251 0.858852
FAP 11023 5617 0.301675
FAQ 5623 9634 0.329112
FAR 9506 7625 0.055513
FAS 7376 7447 0.892056
FAT 7345 14755 0.978973
FAU 2192 5662 0.387951
FAV 7091 394 0.638752
FAW 11837 7148 0.495499
FAX 3022 4861 0.899045
FAY 179 5087 0.276894
FAZ 4220 7543 0.652333
FBA 451 8702 0.099582
FBB 1241 12799 0.113773
FBC 14746 7931 0.943297
FBD 6646 8279 0.671896
FBE 13271 7364 0.534104
FBF 8740 3851 0.633595
FBG 2279 9883 0.412458
FBH 3841 11512 0.220740
FBI 7939 10477 0.567644
FBJ 4705 13154 0.987976
FBK 5857 2074 0.281289
FBL 3041 13573 0.569414
FBM 12986 11570 0.941221
FBN 5942 2399 0.444075
FBO 76 7291 0.440382
FBP 278 6287 0.365459
FBQ 8071 55 0.989654
FBR 6137 3409 0.352336
FBS 8191 6406 0.368145
FBT 11257 11567 0.812067
FBU 10562 2087 0.444685
FBV 4 5339 0.587725
FBW 2510 12149 0.841334
FBX 4196 5131 0.614124
FBY 728 8701 0.513627
FBZ 9307 2978 0.555498
FCA 2407 12752 0.404950
FCB 13946 3029 0.410901
FCC 1817 4850 0.826777
FCD 10702 12974 0.730094
FCE 12004 13912 0.446059
FCF 12025 2755 0.913450
FCG 11842 2975 0.347972
FCH 9826 12734 0.196142
FCI 2581 11719 0.214515
FCJ 14509 8587 0.466079
FCK 5591 5843 0.841945
FCL 10925 13181 0.159917
FCM 6838 10073 0.634877
FCN 12359 3454 0.250282
FCO 13322 2801 0.991607
FCP 10325 13561 0.900510
FCQ 5731 10048 0.253090
FCR 266 8140 0.850246
FCS 12101 5191 0.759941
FCT 3307 11605 0.128910
FCU 6893 4909 0.161687
FCV 14414 800 0.397809
FCW 4834 9985 0.089511
FCX 3451 8356 0.224494
FCY 3668 4021 0.247108
FCZ 1124 76 0.017212
FDA 311 11638 0.533738
FDB 6296 14348 0.316691
FDC 950 7637 0.603290
FDD 935 8150 0.786493
FDE 10160 8651 0.913450
FDF 7639 7033 0.681387
FDG 7370 4951 0.454756
FDH 7586 3742 0.935698
FDI 1030 13177 0.592578
FDJ 4610 8855 0.420545
FDK 4630 6752 0.433546
FDL 566 3080 0.500198
FDM 3730 214 0.467025
FDN 4939 7414 0.893735
FDO 6958 14030 0.552934
FDP 13306 11875 0.147588
FDQ 14212 9664 0.259743
FDR 12682 8032 0.870296
FDS 14981 4718 0.722678
FDT 3892 182 0.397412
FDU 7663 3632 0.216529
FDV 8230 1760 0.871029
FDW 12505 101 0.148686
FDX 14630 272 0.951933
FDY 94 1484 0.795770
FDZ 9934 2570 0.668142
FEA 10799 2041 0.461409
FEB 5630 10333 0.357219
FEC 569 890 0.446181
FED 12944 14953 0.411969
FEE 8768 13496 0.916257
FEF 2897 4208 0.713126
FEG 9545 9556 0.066164
FEH 11434 761 0.353587
FEI 4408 10100 0.510269
FEJ 13729 3230 0.650472
FEK 5207 2177 0.238624
FEL 2498 7466 0.631764
FEM 2524 6944 0.358440
FEN 2113 3791 0.294870
FEO 6826 13732 0.834681
FEP 7153 5548 0.093142
FEQ 7658 5054 0.173650
FER 8087 12347 0.435713
FES 9562 1105 0.080508
FET 10616 13289 0.614460
FEU 4582 4148 0.193609
FEV 1082 14269 0.618580
FEW 2974 8396 0.680898
FEX 9149 4087 0.895260
FEY 6010 12022 0.399213
FEZ 13633 6365 0.380566
FFA 5177 4633 0.092837
FFB 1504 11125 0.190344
FFC 5167 12136 0.367290
FFD 13289 9520 0.346904
FFE 8318 9946 0.543596
FFF 13019 13879 0.950163
FFG 9263 3908 0.602039
FFH 14548 6407 0.407514
FFI 7987 1514 0.886532
FFJ 2851 1205 0.838282
FFK 14167 14759 0.688833
FFL 11401 1345 0.692526
FFM 3238 7877 0.888455
FFN 10771 11221 0.094638
FFO 6319 3640 0.113773
FFP 10574 701 0.565233
FFQ 14776 10265 0.042695
FFR 2440 12931 0.713034
FFS 5402 5545 0.093265
FFT 3583 2710 0.351573
FFU 5416 4655 0.501053
FFV 13708 4624 0.401990
FFW 6511 6116 0.256966
FFX 3520 13168 0.024506
FFY 6310 10745 0.218482
FFZ 3445 4070 0.797571
FGA 1708 8486 0.527970
FGB 10295 12709 0.562334
FGC 14588 10696 0.904965
FGD 10898 12256 0.896756
FGE 13343 5282 0.044160
FGF 770 13757 0.199499
FGG 12769 11117 0.877132
FGH 23 10586 0.180456
FGI 3100 12419 0.464278
FGJ 361 7093 0.288827
FGK 6235 2362 0.404584
FGL 5281 14245 0.394635
FGM 3113 13283 0.502274
FGN 13412 3485 0.993744
FGO 2473 6706 0.643666
FGP 5654 4828 0.458296
FGQ 7540 8249 0.034333
FGR 13426 1289 0.529313
FGS 6071 5174 0.753227
FGT 13489 3355 0.467360
FGU 13394 14908 0.621632
FGV 4393 12049 0.171117
FGW 455 11711 0.285379
FGX 11965 11032 0.262825
FGY 3079 3932 0.792840
FGZ 10018 4997 0.749992
FHA 13660 625 0.445936
FHB 7633 11185 0.532365
FHC 4031 9880 0.930326
FHD 10636 11000 0.852260
FHE 8623 9590 0.317179
FHF 7654 719 0.913511
FHG 4129 9823 0.103549
FHH 12064 2407 0.443525
FHI 13258 5053 0.637684
FHJ 10717 14428 0.067843
FHK 4522 11201 0.693411
FHL 3572 13661 0.135258
FHM 6712 5362 0.232185
FHN 11215 14726 0.194678
FHO 10226 4346 0.151311
FHP 1918 11630 0.812647
FHQ 10561 2144 0.686026
FHR 8258 4304 0.952574
FHS 10601 13880 0.737022
FHT 11761 571 0.842219
FHU 7943 3280 0.357067
FHV 8936 10880 0.258095
FHW 4498 1543 0.578478
FHX 13565 2206 0.578814
FHY 9226 1556 0.319407
FHZ 134 9169 0.930479
FIA 1549 6499 0.897794
FIB 2951 1693 0.389813
FIC 10664 575 0.332621
FID 3124 10780 0.650075
FIE 1327 1565 0.746849
FIF 550 968 0.915738
FIG 9827 13697 0.429853
FIH 7804 12161 0.200812
FII 2272 13837 0.096774
FIJ 3983 2548 0.785852
FIK 4684 1658 0.219184
FIL 12478 7306 0.463973
FIM 11425 8917 0.624256
FIN 7766 1087 0.507920
FIO 14596 11495 0.491134
FIP 4370 6875 0.132939
FIQ 3748 727 0.039033
FIR 10147 11918 0.750114
FIS 9268 14906 0.227119
FIT 8452 3685 0.617512
FIU 2557 5138 0.296335
FIV 5998 4277 0.734489
FIW 12809 14153 0.601611
FIX 1466 13135 0.106021
FIY 4186 1969 0.537523
FIZ 12368 11212 0.960509
FJA 10996 4159 0.072329
FJB 1981 8288 0.255013
FJC 13502 7727 0.103244
FJD 5834 4682 0.977447
FJE 7747 6968 0.152226
FJF 841 8344 0.473952
FJG 13273 6866 0.462508
FJH 4699 4444 0.424146
FJI 3199 14573 0.956633
FJJ 8066 140 0.274911
FJK 3853 14272 0.401410
FJL 3728 7604 0.055483
FJM 289 1624 0.119572
FJN 1919 2167 0.655202
FJO 9859 13030 0.315683
FJP 14558 3203 0.973540
FJQ 13657 8777 0.173223
FJR 9794 10999 0.981994
FJS 9331 9496 0.950194
FJT 1589 5591 0.782678
FJU 2317 9131 0.983703
FJV 5599 1846 0.347667
FJW 6043 13205 0.429487
FJX 5986 5614 0.887509
FJY 1223 14251 0.337321
FJZ 11809 7399 0.864711
FKA 8953 7534 0.923551
FKB 5054 1151 0.651753
FKC 61 13175 0.271187
FKD 14942 883 0.868526
FKE 12058 14761 0.791253
FKF 11237 14347 0.637440
FKG 10055 5923 0.241401
FKH 14 1621 0.497604
FKI 6797 8723 0.546892
FKJ 12899 1817 0.642903
FKK 8173 5441 0.723136
FKL 4651 7399 0.619068
FKM 12724 2101 0.492355
FKN 1322 13813 0.758293
FKO 3536 5837 0.335856
FKP 7340 3482 0.568712
FKQ 7216 11705 0.358837
FKR 4298 14309 0.157414
FKS 4520 13685 0.088046
FKT 2351 9338 0.674490
FKU 12934 5144 0.802637
FKV 4981 7148 0.844752
FKW 9079 14734 0.834376
FKX 12335 1229 0.031648
FKY 11512 1663 0.097659
FKZ 8836 2734 0.076113
FLA 11545 14365 0.539842
FLB 3661 6818 0.498825
FLC 4699 8929 0.869411
FLD 12269 6376 0.672231
FLE 7742 4007 0.444319
FLF 7307 2219 0.383251
FLG 362 3098 0.213294
FLH 1040 8336 0.943113
FLI 2491 9691 0.720878
FLJ 2546 3682 0.784722
FLK 1610 12019 0.041810
FLL 7514 10159 0.443068
FLM 2930 2872 0.722434
FLN 7514 6014 0.065737
FLO 13627 11116 0.003876
FLP 8539 10832 0.274209
FLQ 1756 1688 0.409772
FLR 1042 1378 0.418287
FLS 5722 5848 0.820063
FLT 5192 10393 0.157598
FLU 3982 12611 0.055055
FLV 4892 829 0.994140
FLW 5905 646 0.377606
FLX 14731 13847 0.990753
FLY 10103 2401 0.814539
FLZ 2755 9499 0.569018
FMA 2605 12871 0.429365
FMB 5168 9715 0.110141
FMC 2173 14431 0.263863
FMD 13775 6377 0.208502
FME 1183 8494 0.239326
FMF 68 5990 0.977905
FMG 7204 9376 0.490463
FMH 12490 4403 0.904569
FMI 4672 5744 0.019623
FMJ 2563 2072 0.510269
FMK 9973 13444 0.835994
FML 8518 11749 0.651509
FMM 3124 1370 0.502304
FMN 4483 6884 0.768517
FMO 14234 707 0.883053
FMP 6961 1189 0.930509
FMQ 2665 2755 0.489273
FMR 4430 13369 0.228736
FMS 3404 5504 0.779809
FMT 659 548 0.070498
FMU 9475 13621 0.724967
FMV 952 4763 0.351604
FMW 10397 1964 0.496109
FMX 10 3851 0.455367
FMY 11357 10151 0.934629
FMZ 215 8477 0.668722
FNA 8678 7643 0.105197
FNB 616 6064 0.045076
FNC 13109 88 0.372570
FND 5300 12254 0.105960
FNE 11024 9275 0.684561
FNF 8993 1148 0.180364
FNG 796 5695 0.724052
FNH 4114 4169 0.761742
FNI 989 13879 0.929258
FNJ 12038 1228 0.139256
FNK 1945 11039 0.704031
FNL 4507 7957 0.858760
FNM 5627 5336 0.072542
FNN 8144 6589 0.414228
FNO 11732 14891 0.197363
FNP 7811 5962 0.088900
FNQ 896 5396 0.206397
FNR 14110 4393 0.178930
FNS 2276 2411 0.283486
FNT 9560 4510 0.069033
FNU 1678 14774 0.596332
FNV 9694 10747 0.913114
FNW 3401 4382 0.989776
FNX 6748 4094 0.127018
FNY 5492 7043 0.084140
FNZ 3271 3262 0.654225
FOA 1912 12172 0.117069
FOB 7837 10766 0.136509
FOC 6556 7360 0.172277
FOD 6221 3527 0.845332
FOE 389 7150 0.981323
FOF 12686 13598 0.619526
FOG 12838 13097 0.883511
FOH 2801 3716 0.246681
FOI 11561 10309 0.414777
FOJ 13241 1381 0.834956
FOK 10223 13204 0.989837
FOL 14915 5464 0.881344
FOM 8551 6499 0.870998
FON 7351 13327 0.072634
FOO 12958 202 0.704337
FOP 13451 3676 0.481826
FOQ 11099 10873 0.976897
FOR 10787 6197 0.870907
FOS 2098 10802 0.429456
FOT 6358 3044 0.408490
FOU 10775 13562 0.375927
FOV 12956 5003 0.376659
FOW 9563 1358 0.655904
FOX 1151 14962 0.506333
FOY 4093 9257 0.205969
FOZ 6563 7204 0.567217
FPA 4313 6976 0.605609
FPB 6079 8222 0.870907
FPC 13574 257 0.055757
FPD 3223 13691 0.551714
FPE 4189 3517 0.712455
FPF 25 1901 0.990478
FPG 6361 3133 0.743522
FPH 2158 3508 0.671712
FPI 5795 3893 0.534776
FPJ 1474 6034 0.234321
FPK 12691 12383 0.761681
FPL 10432 11680 0.619129
FPM 1807 2251 0.193396
FPN 2294 6425 0.155370
FPO 1081 7103 0.731468
FPP 11905 8050 0.290689
FPQ 8746 1309 0.928404
FPR 2336 6308 0.575915
FPS 1880 1568 0.710746
FPT 253 6236 0.597369
FPU 1487 28 0.869106
FPV 2734 10565 0.925474
FPW 4729 8390 0.699240
FPX 10354 5788 0.947630
FPY 9157 5867 0.610706
FPZ 2534 6116 0.799158
FQA 2506 2341 0.185003
FQB 7019 7390 0.623249
FQC 10162 3931 0.691122
FQD 2653 12220 0.205725
FQE 1939 8767 0.075259
FQF 11899 13463 0.766625
FQG 8042 8932 0.561998
FQH 1120 11317 0.473617
FQI 12151 1286 0.855983
FQJ 8387 2210 0.197882
FQK 6323 12910 0.147771
FQL 1540 10712 0.284066
FQM 14479 14234 0.323679
FQN 12991 931 0.781121
FQO 2633 6580 0.586261
FQP 9778 11288 0.799951
FQQ 9803 11489 0.733451
FQR 1120 3190 0.557939
FQS 9461 11185 0.244606
FQT 881 7387 0.358776
FQU 11030 14245 0.706229
FQV 749 10742 0.367473
FQW 9890 554 0.604450
FQX 14449 10220 0.699484
FQY 9311 3130 0.740135
FQZ 10573 647 0.171575
FRA 4370 11857 0.109836
FRB 5558 10145 0.190588
FRC 11768 6962 0.668722
FRD 12458 14227 0.803552
FRE 749 6308 0.572161
FRF 10052 9985 0.029359
FRG 3449 5219 0.910520
FRH 14705 8407 0.359661
FRI 6257 983 0.224830
FRJ 12484 5491 0.880367
FRK 1178 12472 0.852962
FRL 3929 5062 0.952177
FRM 3563 8800 0.022828
FRN 9491 409 0.922178
FRO 14668 7627 0.215308
FRP 14069 6794 0.041841
FRQ 9793 172 0.279580
FRR 11836 13648 0.771172
FRS 13319 12034 0.733421
FRT 12220 2636 0.069979
FRU 8840 12814 0.235664
FRV 10579 3581 0.250832
FRW 3235 6808 0.010651
FRX 4802 5683 0.607562
FRY 2357 12098 0.653127
FRZ 12904 8746 0.475753
FSA 6169 1024 0.878842
FSB 1195 12064 0.740867
FSC 4213 5288 0.028474
FSD 11566 8117 0.218543
FSE 12637 14270 0.112217
FSF 14302 1396 0.912229
FSG 11222 5390 0.519120
FSH 142 14623 0.028901
FSI 691 481 0.839167
FSJ 4921 12376 0.934507
FSK 7322 6139 0.175817
FSL 13660 4055 0.073458
FSM 9250 5431 0.494491
FSN 2261 338 0.398236
FSO 2396 9041 0.576189
FSP 1303 8900 0.164739
FSQ 9263 11579 0.657002
FSR 2131 1283 0.190039
FSS 7138 421 0.451796
FST 3847 4406 0.948729
FSU 10027 4529 0.615009
FSV 12025 8276 0.341197
FSW 2636 1363 0.403516
FSX 9182 3619 0.719016
FSY 11173 6910 0.004578
FSZ 1993 13198 0.924833
FTA 4292 2375 0.298196
FTB 10535 733 0.827082
FTC 2765 3317 0.363567
FTD 4763 14564 0.220893
FTE 10580 14144 0.441145
FTF 7798 10757 0.156499
FTG 10793 3862 0.945372
FTH 7469 433 0.867611
FTI 6221 545 0.117313
FTJ 8675 6898 0.630940
FTK 5318 10709 0.636372
FTL 1417 6164 0.217444
FTM 4346 8045 0.595691
FTN 3104 12610 0.223426
FTO 8758 11665 0.320658
FTP 4217 2671 0.617573
FTQ 7336 5060 0.190039
FTR 9388 8714 0.437117
FTS 1367 5459 0.535417
FTT 1618 3403 0.832392
FTU 2503 4042 0.470504
FTV 12323 4675 0.724693
FTW 9886 265 0.761559
FTX 13787 4684 0.327677
FTY 5671 11722 0.218726
FTZ 661 14899 0.816706
FUA 400 647 0.192511
FUB 8002 8734 0.634724
FUC 6418 7807 0.221442
FUD 10247 8333 0.426222
FUE 878 12220 0.325510
FUF 6419 1307 0.513291
FUG 5273 14036 0.495285
FUH 12589 14852 0.299814
FUI 2383 1007 0.218665
FUJ 9128 1478 0.132084
FUK 1045 7594 0.037141
FUL 94 928 0.082400
FUM 10445 547 0.758080
FUN 3217 3392 0.985778
FUO 2681 2900 0.693930
FUP 440 1990 0.965697
FUQ 9088 4030 0.778161
FUR 4285 10576 0.766778
FUS 10417 7595 0.244545
FUT 7859 1667 0.588336
FUU 14381 6202 0.379589
FUV 3784 1756 0.911191
FUW 1591 8458 0.289377
FUX 9628 11182 0.157109
FUY 2924 7886 0.287881
FUZ 12089 11519 0.036927
FVA 7334 1432 0.039369
FVB 3004 602 0.257210
FVC 9584 12385 0.597064
FVD 1447 3634 0.993713
FVE 11633 5464 0.599780
FVF 11083 1153 0.320780
FVG 10469 2185 0.741539
FVH 980 5635 0.742515
FVI 1228 9485 0.841609
FVJ 1793 14360 0.222663
FVK 8965 12688 0.040620
FVL 11564 3167 0.784387
FVM 2869 649 0.454573
FVN 10199 10814 0.971648
FVO 2650 2504 0.658742
FVP 12554 157 0.356487
FVQ 4195 4672 0.275857
FVR 10181 5719 0.966124
FVS 1057 1841 0.325510
FVT 737 6839 0.114628
FVU 12611 7157 0.487503
FVV 3644 11503 0.783105
FVW 4036 12604 0.659413
FVX 7652 9791 0.520859
FVY 12094 4534 0.777032
FVZ 9523 11618 0.969085
FWA 8909 4459 0.438581
FWB 1474 9545 0.654866
FWC 5606 14954 0.054628
FWD 8060 4751 0.801660
FWE 1166 1996 0.662832
FWF 379 9841 0.667867
FWG 2021 10222 0.820643
FWH 5902 5120 0.490555
FWI 12836 5612 0.750175
FWJ 9617 2323 0.598041
FWK 1445 14254 0.777306
FWL 10931 116 0.786920
FWM 7346 7136 0.712027
FWN 6478 10990 0.765893
FWO 13142 791 0.778314
FWP 8986 8924 0.469375
FWQ 4054 164 0.650685
FWR 14609 8257 0.468337
FWS 9569 6601 0.710044
FWT 2345 3631 0.676229
FWU 796 7990 0.422803
FWV 7087 7180 0.190710
FWW 13154 2873 0.398206
FWX 5239 12997 0.551500
FWY 3950 2335 0.812494
FWZ 1747 7405 0.054720
FXA 14833 2957 0.133580
FXB 10598 1222 0.174718
FXC 13529 7354 0.058138
FXD 12803 2672 0.721641
FXE 10567 8854 0.910672
FXF 7457 6233 0.242347
FXG 13232 6472 0.076449
FXH 12944 926 0.469466
FXI 3002 13856 0.972869
FXJ 10574 7001 0.470046
FXK 7459 3014 0.227332
FXL 13873 8917 0.662404
FXM 13528 12230 0.758415
FXN 1973 7223 0.184271
FXO 12814 11447 0.963805
FXP 3919 1603 0.331828
FXQ 13780 6469 0.839930
FXR 13156 569 0.072237
FXS 14800 202 0.210120
FXT 4847 2206 0.087374
FXU 3461 628 0.952269
FXV 1237 11497 0.558733
FXW 1853 10327 0.812677
FXX 544 2713 0.076632
FXY 1820 272 0.701865
FXZ 3440 5146 0.778588
FYA 1561 196 0.906125
FYB 5458 10366 0.212683
FYC 2881 2497 0.051424
FYD 5848 8734 0.613727
FYE 14149 14590 0.540056
FYF 14921 11768 0.387829
FYG 2876 11482 0.173925
FYH 4130 466 0.763390
FYI 5897 12605 0.408765
FYJ 11708 5167 0.892331
FYK 10550 4970 0.769189
FYL 1123 694 0.316141
FYM 9485 253 0.028321
FYN 11665 11596 0.757134
FYO 8044 11006 0.437391
FYP 190 736 0.792932
FYQ 10673 419 0.204810
FYR 647 3839 0.239082
FYS 5651 11240 0.202979
FYT 10573 4859 0.129093
FYU 8929 11063 0.137089
FYV 1931 8902 0.167516
FYW 14572 2788 0.782495
FYX 12920 12365 0.565233
FYY 4115 7027 0.998383
FYZ 10526 3772 0.370830
FZA 5318 6460 0.690359
FZB 1357 13811 0.914274
FZC 8375 1066 0.339793
FZD 3769 11797 0.902005
FZE 7471 5819 0.776482
FZF 10111 11581 0.174902
FZG 1261 9493 0.160161
FZH 2785 7928 0.281533
FZI 3554 10802 0.289010
FZJ 10987 2854 0.959197
FZK 13757 3388 0.985504
FZL 13441 3194 0.477004
FZM 922 12991 0.056520
FZN 8348 5383 0.703116
FZO 6137 3626 0.801813
FZP 12878 13615 0.837367
FZQ 2744 5948 0.882626
FZR 13382 8281 0.129643
FZS 13493 9332 0.185583
FZT 5521 3071 0.701163
FZU 8866 13787 0.747765
FZV 14600 6439 0.932157
FZW 12962 11237 0.474929
FZX 7010 10939 0.897671
FZY 1562 11294 0.911008
FZZ 10304 13234 0.147099
GAA 4289 14456 0.325541
GAB 13196 5008 0.858760
GAC 4552 8813 0.506149
GAD 5819 9643 0.185522
GAE 2305 1655 0.495437
GAF 6944 7181 0.561327
GAG 7828 14414 0.725730
GAH 13102 1553 0.990875
GAI 112 9857 0.201544
GAJ 1499 8281 0.018372
GAK 7480 13847 0.186529
GAL 6962 7682 0.292764
GAM 3724 12109 0.892788
GAN 10717 4319 0.537645
GAO 5488 5312 0.570666
GAP 581 842 0.425520
GAQ 10277 8939 0.782373
GAR 2357 2453 0.466536
GAS 9557 5888 0.135594
GAT 12029 4799 0.679220
GAU 3365 9083 0.984130
GAV 7204 8899 0.642415
GAW 3074 10123 0.187292
GAX 7187 6235 0.653340
GAY 2326 218 0.595813
GAZ 9355 1835 0.266213
GBA 9247 1114 0.109775
GBB 322 4732 0.580828
GBC 4832 7594 0.573504
GBD 9958 1094 0.419172
GBE 6265 92 0.045259
GBF 5717 11501 0.091494
GBG 8242 445 0.740776
GBH 13363 5675 0.940458
GBI 14165 9989 0.818293
GBJ 3818 10919 0.384075
GBK 1436 682 0.776238
GBL 758 12710 0.885189
GBM 6178 10028 0.197821
GBN 7781 11815 0.274545
GBO 10553 11396 0.523698
GBP 12056 1513 0.281014
GBQ 2603 6581 0.091037
GBR 7421 13336 0.090854
GBS 2744 14369 0.467910
GBT 1597 11839 0.402570
GBU 13376 11362 0.762352
GBV 5410 8830 0.881649
GBW 14905 8674 0.720420
GBX 2924 9436 0.281930
GBY 12476 11812 0.671682
GBZ 5326 1919 0.908261
GCA 9208 10196 0.358745
GCB 6265 1448 0.674429
GCC 13447 11936 0.025697
GCD 7202 12347 0.888913
GCE 12595 2396 0.462844
GCF 6665 9343 0.198065
GCG 224 9286 0.635548
GCH 3541 8153 0.963347
GCI 2518 13 0.692770
GCJ 3022 571 0.865810
GCK 13291 3902 0.174871
GCL 3064 4378 0.846889
GCM 2224 6673 0.750694
GCN 44 5783 0.728782
GCO 10351 12448 0.432508
GCP 2704 12388 0.143040
GCQ 154 12496 0.572008
GCR 11015 9331 0.849940
GCS 11540 3349 0.652272
GCT 10103 637 0.282723
GCU 281 13348 0.588183
GCV 11575 10895 0.326395
GCW 8308 3548 0.555132
GCX 4589 9496 0.059206
GCY 12088 11846 0.905850
GCZ 994 14875 0.579302
GDA 13742 9545 0.136235
GDB 3046 13510 0.227668
GDC 74 6298 0.745750
GDD 4111 5701 0.630024
GDE 10625 8930 0.831538
GDF 4663 11779 0.138035
GDG 11872 9979 0.985046
GDH 4027 3781 0.581622
GDI 13450 4487 0.146641
GDJ 4028 4217 0.869350
GDK 7999 12566 0.146825
GDL 4523 12860 0.023865
GDM 13393 5291 0.343303
GDN 2573 8533 0.835292
GDO 2312 14113 0.681021
GDP 7118 1030 0.581103
GDQ 13006 9344 0.275216
GDR 12844 1381 0.328959
GDS 9673 5459 0.879513
GDT 11966 1021 0.321116
GDU 608 11401 0.968688
GDV 12089 2927 0.975921
GDW 8764 13037 0.270211
GDX 14900 557 0.244423
GDY 1921 12986 0.040956
GDZ 10718 5474 0.563952
GEA 4420 7204 0.833247
GEB 6449 6563 0.572253
GEC 10709 9197 0.550249
GED 9541 8102 0.219001
GEE 1334 4360 0.883114
GEF 7627 4054 0.051881
GEG 7487 13267 0.370891
GEH 13613 10523 0.395062
GEI 313 2737 0.960662
GEJ 8548 11921 0.998840
GEK 13904 6955 0.688101
GEL 6142 12095 0.647603
GEM 2918 2299 0.578539
GEN 10987 8800 0.293435
GEO 12049 4447 0.705161
GEP 7517 6695 0.658803
GEQ 937 8707 0.164098
GER 8651 470 0.051973
GES 1844 2654 0.157689
GET 2954 12073 0.483535
GEU 2932 4762 0.042940
GEV 8003 371 0.189825
GEW 10148 758 0.727836
GEX 11498 14281 0.484787
GEY 2804 12941 0.807611
GEZ 4810 13745 0.596179
GFA 9694 1052 0.952971
GFB 14561 4942 0.927274
GFC 88 1645 0.914518
GFD 380 6997 0.138737
GFE 10547 11209 0.722098
GFF 12832 12730 0.698050
GFG 12637 4978 0.853389
GFH 10034 7006 0.217505
GFI 6484 7823 0.954100
GFJ 13025 2927 0.122745
GFK 5032 10975 0.732444
GFL 986 3703 0.085726
GFM 11492 2044 0.550951
GFN 8179 12773 0.346385
GFO 6293 14347 0.623615
GFP 14972 4589 0.657582
GFQ 4471 2126 0.220618
GFR 11381 3263 0.247261
GFS 8881 2815 0.511124
GFT 13334 2266 0.020539
GFU 37 12137 0.262490
GFV 10075 1889 0.352794
GFW 14194 8471 0.187262
GFX 5884 7682 0.371990
GFY 8383 1435 0.909482
GFZ 6491 13505 0.726218
GGA 14756 3533 0.939451
GGB 14665 191 0.598010
GGC 10444 1988 0.320566
GGD 3028 7954 0.292611
GGE 14995 9931 0.371654
GGF 9526 4583 0.213813
GGG 7165 9686 0.817682
GGH 9077 11816 0.573107
GGI 2674 11906 0.204871
GGJ 3562 12098 0.884182
GGK 11629 548 0.460036
GGL 590 6913 0.296091
GGM 1688 10808 0.399304
GGN 1801 9836 0.242409
GGO 12107 4403 0.550554
GGP 11311 2120 0.854213
GGQ 13544 3316 0.442854
GGR 404 7687 0.227515
GGS 1174 11501 0.167394
GGT 4516 1264 0.075594
GGU 2477 13850 0.149480
GGV 14087 14320 0.656911
GGW 11735 3076 0.314676
GGX 14129 8359 0.278542
GGY 5411 5588 0.810846
GGZ 9641 2021 0.254921
GHA 5894 8995 0.786218
GHB 49 6709 0.077975
GHC 1799 9182 0.045198
GHD 13324 5060 0.854701
GHE 1462 3229 0.335704
GHF 5521 8546 0.912717
GHG 1438 7943 0.187597
GHH 11780 8324 0.992828
GHI 3991 7142 0.247536
GHJ 10673 9532 0.761986
GHK 5095 10217 0.564623
GHL 10715 9982 0.615253
GHM 3136 4579 0.901486
GHN 5873 1318 0.020539
GHO 10126 9203 0.497513
GHP 4633 8099 0.113254
GHQ 12908 1345 0.425428
GHR 8999 4786 0.000427
GHS 12025 8510 0.378002
GHT 13175 13483 0.408490
GHU 9617 12152 0.029878
GHV 11944 2356 0.028321
GHW 11356 8944 0.659658
GHX 5053 7811 0.305033
GHY 467 9229 0.117435
GHZ 5491 100 0.607807
GIA 13717 13645 0.109287
GIB 11855 4235 0.828547
GIC 14062 2422 0.761956
GID 13657 4835 0.614307
GIE 13978 13078 0.161992
GIF 17 6301 0.769738
GIG 5773 13415 0.650044
GIH 8338 11924 0.992401
GII 7325 6989 0.722983
GIJ 1726 3895 0.152257
GIK 13396 2864 0.079714
GIL 6196 7289 0.923582
GIM 4987 4754 0.260872
GIN 559 13001 0.842860
GIO 11873 6442 0.109043
GIP 1927 3404 0.933653
GIQ 12259 7259 0.535630
GIR 8249 3046 0.022828
GIS 8372 6238 0.449232
GIT 12400 3890 0.908109
GIU 7624 13924 0.804895
GIV 8621 14236 0.739891
GIW 14804 50 0.195227
GIX 4853 6217 0.484664
GIY 341 6563 0.852718
GIZ 3394 10492 0.258370
GJA 850 817 0.988495
GJB 8842 1294 0.791437
GJC 13765 7975 0.684286
GJD 3182 3727 0.427503
GJE 4300 3926 0.704611
GJF 3221 9800 0.999451
GJG 1864 3253 0.230354
GJH 2047 6578 0.785546
GJI 11224 1015 0.260475
GJJ 8053 1127 0.658528
GJK 11863 6145 0.905240
GJL 9407 8734 0.619434
GJM 9359 14059 0.634083
GJN 10091 652 0.285134
GJO 5584 11863 0.362011
GJP 2110 3841 0.698019
GJQ 8846 9161 0.691061
GJR 2648 1657 0.170690
GJS 9841 4132 0.288858
GJT 9599 12839 0.897824
GJU 5399 7912 0.911771
GJV 12683 8758 0.879635
GJW 13580 8344 0.590106
GJX 8954 158 0.440291
GJY 3347 6709 0.612049
GJZ 2389 8503 0.405377
GKA 2858 8246 0.795679
GKB 2939 6830 0.959105
GKC 10418 13381 0.752556
GKD 8350 2482 0.453597
GKE 8719 12278 0.042909
GKF 260 926 0.116123
GKG 4894 1681 0.929044
GKH 13895 124 0.820917
GKI 2737 10622 0.474593
GKJ 3736 12176 0.985229
GKK 2818 7103 0.638539
GKL 4918 1529 0.338084
GKM 8401 11872 0.396191
GKN 397 13562 0.922178
GKO 11942 7942 0.414472
GKP 9233 13351 0.346568
GKQ 11321 2441 0.037294
GKR 2690 2492 0.139714
GKS 4016 2393 0.924558
GKT 10552 721 0.176763
GKU 9233 2600 0.259835
GKV 7456 13667 0.706565
GKW 12182 9173 0.625568
GKX 5380 2101 0.597247
GKY 12100 1334 0.057436
GKZ 9031 6004 0.188726
GLA 1862 694 0.068422
GLB 14774 6190 0.703207
GLC 7391 422 0.189734
GLD 770 10208 0.652486
GLE 3340 3721 0.447340
GLF 4247 9266 0.213294
GLG 8491 1904 0.794824
GLH 10687 2602 0.247169
GLI 11375 860 0.486801
GLJ 3085 4658 0.643330
GLK 14633 1787 0.324351
GLL 6931 13115 0.086917
GLM 13100 19 0.260475
GLN 7822 11864 0.325571
GLO 14356 1346 0.644520
GLP 2188 8593 0.649892
GLQ 13001 529 0.035249
GLR 4498 10312 0.742729
GLS 11815 3370 0.646596
GLT 7900 3215 0.413984
GLU 8050 1277 0.734428
GLV 2092 7847 0.144963
GLW 14570 14626 0.211310
GLX 3731 1988 0.947539
GLY 14788 6847 0.113987
GLZ 8365 3910 0.918973
GMA 9721 4366 0.870388
GMB 6856 2116 0.173711
GMC 11731 10637 0.245247
GMD 2018 11755 0.677511
GME 4528 8327 0.008789
GMF 8828 1051 0.027833
GMG 7081 4193 0.398206
GMH 11743 12701 0.538896
GMI 14872 3430 0.952452
GMJ 8597 6208 0.225623
GMK 6730 3239 0.918699
GML 2743 10511 0.564104
GMM 1301 572 0.783532
GMN 7348 6959 0.361736
GMO 11138 3973 0.193640
GMP 13597 229 0.821223
GMQ 14260 5894 0.229011
GMR 9283 1208 0.057222
GMS 14920 6886 0.298013
GMT 6856 10607 0.045351
GMU 14674 3005 0.464370
GMV 14704 503 0.374340
GMW 3664 13786 0.416944
GMX 10973 7675 0.363445
GMY 11827 437 0.177618
GMZ 6664 3533 0.217750
GNA 12778 1481 0.637135
GNB 7040 1090 0.051515
GNC 13799 8848 0.736625
GND 7937 6178 0.941038
GNE 14399 265 0.201178
GNF 10573 103 0.794641
GNG 2183 1906 0.803705
GNH 11363 9590 0.876614
GNI 8920 3680 0.818476
GNJ 9014 581 0.417158
GNK 12313 3019 0.241279
GNL 12193 8623 0.008637
GNM 8707 6467 0.126408
GNN 3073 11795 0.552507
GNO 3440 1970 0.652364
GNP 8447 292 0.507065
GNQ 7456 14374 0.895993
GNR 13084 13403 0.221168
GNS 10582 11632 0.399274
GNT 10790 8252 0.341594
GNU 10847 316 0.074953
GNV 10283 11479 0.785791
GNW 1705 2530 0.445082
GNX 6845 6017 0.694815
GNY 12910 6476 0.263039
GNZ 8515 13886 0.251564
GOA 557 1861 0.860652
GOB 5677 9973 0.392712
GOC 7144 5867 0.712058
GOD 7603 5701 0.381664
GOE 14402 9590 0.341563
GOF 3301 2479 0.071535
GOG 7469 550 0.445570
GOH 9161 13087 0.595294
GOI 8707 2110 0.578753
GOJ 3941 13559 0.299692
GOK 13253 14144 0.591205
GOL 9317 592 0.118046
GOM 458 3034 0.826167
GON 8987 10615 0.373608
GOO 734 9959 0.519761
GOP 14189 2072 0.353038
GOQ 8153 8411 0.509537
GOR 13019 2215 0.005951
GOS 4618 10843 0.884671
GOT 800 1684 0.941008
GOU 6760 9470 0.219916
GOV 9140 12103 0.625507
GOW 106 12005 0.155339
GOX 6839 7633 0.479202
GOY 3896 8407 0.935759
GOZ 3722 6829 0.506760
GPA 11017 12746 0.738975
GPB 331 401 0.366894
GPC 13075 11842 0.817133
GPD 1960 6625 0.448622
GPE 11881 6218 0.283303
GPF 3379 304 0.746666
GPG 3845 14269 0.416089
GPH 5192 13613 0.220405
GPI 3461 9428 0.255348
GPJ 7744 10427 0.010010
GPK 10049 6170 0.646962
GPL 2143 10529 0.494613
GPM 8263 2863 0.388958
GPN 4819 3214 0.836573
GPO 1420 7361 0.359539
GPP 1070 5572 0.484237
GPQ 14435 1099 0.095248
GPR 5138 6470 0.234657
GPS 1316 3536 0.860408
GPT 3005 14680 0.004273
GPU 10661 977 0.429945
GPV 1642 4097 0.553240
GPW 3872 8366 0.224464
GPX 13430 6556 0.175726
GPY 12824 12602 0.710746
GPZ 2056 4529 0.932707
GQA 13031 4031 0.741844
GQB 8912 10403 0.490860
GQC 8980 4165 0.379162
GQD 10253 5572 0.164098
GQE 13775 2620 0.342906
GQF 11236 11821 0.458632
GQG 13147 13630 0.199988
GQH 14329 8795 0.425672
GQI 14111 5260 0.345775
GQJ 9686 12934 0.548875
GQK 10597 4228 0.392682
GQL 1610 5296 0.864376
GQM 12187 830 0.369762
GQN 4022 13432 0.654073
GQO 2014 8231 0.787774
GQP 11455 145 0.492416
GQQ 14666 1037 0.758599
GQR 2026 6434 0.787530
GQS 1012 3488 0.602832
GQT 2596 6838 0.366894
GQU 1571 5101 0.357097
GQV 3487 5648 0.236549
GQW 9554 4006 0.930937
GQX 2822 10237 0.521165
GQY 5228 2179 0.985260
GQZ 14503 12944 0.889492
GRA 12745 12311 0.536088
GRB 5993 3811 0.617176
GRC 7951 12686 0.453200
GRD 14542 7619 0.955229
GRE 9866 13988 0.048799
GRF 8219 14752 0.787072
GRG 5852 3425 0.460982
GRH 503 13927 0.794275
GRI 9874 2959 0.156011
GRJ 851 1424 0.633076
GRK 1114 3547 0.226905
GRL 4112 10207 0.079714
GRM 7265 3052 0.878750
GRN 1264 1561 0.854396
GRO 1706 4732 0.188086
GRP 1286 1505 0.007019
GRQ 3382 6854 0.531388
GRR 6437 1132 0.469649
GRS 3203 5554 0.616901
GRT 5324 13517 0.771538
GRU 2332 1303 0.456557
GRV 10589 11249 0.103977
GRW 13700 1330 0.497543
GRX 2050 8059 0.032044
GRY 6365 3184 0.128910
GRZ 3196 7001 0.309091
GSA 2072 10078 0.505722
GSB 283 1010 0.579882
GSC 2057 8546 0.721976
GSD 7255 2497 0.385510
GSE 3899 3244 0.435804
GSF 11521 1529 0.931333
GSG 13282 14384 0.731468
GSH 11534 289 0.675436
GSI 12146 1273 0.919126
GSJ 6548 5921 0.062929
GSK 1660 2512 0.749168
GSL 14072 5723 0.794946
GSM 13363 6703 0.776574
GSN 221 3917 0.008148
GSO 8297 334 0.980834
GSP 13373 7924 0.774529
GSQ 4225 8105 0.850276
GSR 2209 10208 0.533891
GSS 1930 1445 0.602100
GST 4373 5851 0.576678
GSU 688 5180 0.657277
GSV 5737 3025 0.615894
GSW 11057 283 0.545824
GSX 2371 8606 0.958831
GSY 331 1688 0.709037
GSZ 5483 6661 0.931974
GTA 7475 1330 0.815149
GTB 2854 3241 0.151128
GTC 5528 557 0.841090
GTD 8275 2479 0.091220
GTE 13082 10934 0.915250
GTF 2003 11974 0.317209
GTG 14188 2983 0.395978
GTH 9542 5876 0.818659
GTI 9764 7367 0.498428
GTJ 5870 6109 0.266915
GTK 14431 3145 0.603473
GTL 11522 680 0.813135
GTM 12527 4999 0.815668
GTN 5534 1895 0.389874
GTO 4877 11576 0.001831
GTP 8641 1520 0.498672
GTQ 10106 2639 0.068392
GTR 7795 2224 0.278268
GTS 9941 10132 0.243934
GTT 12182 9041 0.386212
GTU 3710 11473 0.254677
GTV 3838 481 0.008118
GTW 2242 4067 0.131657
GTX 9380 437 0.266152
GTY 13373 3665 0.603198
GTZ 11141 6080 0.547319
GUA 9580 7051 0.222785
GUB 5677 3992 0.949339
GUC 2458 2239 0.188726
GUD 9434 7043 0.259316
GUE 1972 11735 0.853877
GUF 4033 11039 0.775719
GUG 728 6259 0.823267
GUH 3598 6181 0.971526
GUI 4684 1898 0.922758
GUJ 7874 2501 0.609363
GUK 1327 7265 0.816004
GUL 8219 9308 0.576556
GUM 10763 365 0.274697
GUN 12581 2405 0.538499
GUO 6476 8375 0.696554
GUP 5354 3733 0.635853
GUQ 12619 14662 0.035798
GUR 620 8153 0.999573
GUS 8836 2647 0.494491
GUT 4085 1372 0.953642
GUU 5383 10298 0.737327
GUV 14086 719 0.543382
GUW 634 7495 0.669362
GUX 3509 7987 0.590411
GUY 6211 2111 0.574847
GUZ 13312 9634 0.963317
GVA 8674 5546 0.284982
GVB 4633 3037 0.284860
GVC 959 9299 0.646016
GVD 1012 14050 0.002869
GVE 13820 11522 0.521500
GVF 9146 10612 0.752464
GVG 3145 13762 0.510422
GVH 9851 28 0.362651
GVI 13763 12832 0.118992
GVJ 1484 13447 0.829920
GVK 7349 2441 0.915494
GVL 4586 6074 0.224433
GVM 4664 10150 0.846858
GVN 4024 1624 0.934019
GVO 331 4814 0.032350
GVP 9977 5135 0.011933
GVQ 5213 8390 0.591723
GVR 10720 7636 0.803674
GVS 13001 2261 0.044984
GVT 556 6446 0.606464
GVU 10376 7285 0.158910
GVV 1637 3589 0.994049
GVW 2195 12701 0.436689
GVX 10198 9127 0.736381
GVY 2821 4052 0.380016
GVZ 2950 14137 0.091037
GWA 12016 13385 0.817652
GWB 10991 1055 0.759331
GWC 6347 3770 0.621174
GWD 2045 14000 0.115818
GWE 5636 10705 0.637196
GWF 14947 5992 0.555589
GWG 3859 806 0.285348
GWH 6125 2209 0.086825
GWI 4448 919 0.624561
GWJ 1574 442 0.751610
GWK 4862 7939 0.402600
GWL 2674 4219 0.209387
GWM 7388 8407 0.302103
GWN 8123 9262 0.992309
GWO 1715 3703 0.901883
GWP 11194 806 0.660573
GWQ 13952 8954 0.414136
GWR 12290 4880 0.481002
GWS 2926 5719 0.658193
GWT 6281 11687 0.438765
GWU 8633 10133 0.615955
GWV 4831 5668 0.505814
GWW 1114 2054 0.909207
GWX 1358 1568 0.246376
GWY 10381 7865 0.266152
GWZ 7006 10093 0.170660
GXA 6475 10927 0.134251
GXB 1597 3698 0.874386
GXC 13892 3539 0.666250
GXD 3592 11296 0.050722
GXE 1501 4931 0.990539
GXF 7565 3292 0.057741
GXG 4798 11035 0.591235
GXH 14851 3766 0.990081
GXI 8038 10966 0.399121
GXJ 11021 9353 0.270272
GXK 9623 2809 0.455092
GXL 1238 10081 0.760521
GXM 10492 10345 0.375652
GXN 12499 4756 0.427503
GXO 9286 5290 0.954772
GXP 8677 9401 0.801172
GXQ 6626 12802 0.698447
GXR 2798 14776 0.966735
GXS 11162 2900 0.536088
GXT 12311 3101 0.755974
GXU 308 8035 0.008698
GXV 14215 12332 0.272530
GXW 11786 10673 0.526292
GXX 12131 7664 0.029542
GXY 3446 9250 0.435682
GXZ 5918 740 0.917234
GYA 2842 6658 0.275826
GYB 484 196 0.078951
GYC 12656 7543 0.341350
GYD 7507 4244 0.683706
GYE 4039 8167 0.153783
GYF 7007 4981 0.660604
GYG 2465 11392 0.277627
GYH 7115 12640 0.841121
GYI 1376 4735 0.740806
GYJ 2801 1469 0.750999
GYK 8392 5080 0.750633
GYL 494 6311 0.640614
GYM 11173 12691 0.062685
GYN 1841 9631 0.360271
GYO 9172 6389 0.884884
GYP 9763 397 0.500839
GYQ 12424 14983 0.209021
GYR 12443 2137 0.956755
GYS 5450 10486 0.581988
GYT 11770 4354 0.851588
GYU 10325 12175 0.180242
GYV 4862 259 0.721610
GYW 10219 3802 0.267159
GYX 7301 14959 0.104251
GYY 5407 12136 0.306833
GYZ 347 9611 0.352672
GZA 7490 4693 0.817225
GZB 13417 2222 0.718345
GZC 10823 6239 0.084750
GZD 1484 14171 0.635487
GZE 1076 5683 0.764092
GZF 2729 12958 0.831965
GZG 11602 12016 0.770501
GZH 5255 4787 0.500717
GZI 12422 7373 0.367443
GZJ 3664 14788 0.425977
GZK 85 9248 0.579669
GZL 3020 8138 0.786920
GZM 13718 14428 0.650319
GZN 7718 2945 0.489731
GZO 3710 9359 0.832972
GZP 1693 3973 0.426740
GZQ 874 9982 0.991089
GZR 6518 5807 0.157750
GZS 12793 10348 0.892941
GZT 1376 13214 0.276040
GZU 12593 1765 0.366192
GZV 3536 2429 0.285745
GZW 10378 11771 0.235664
GZX 1633 4060 0.304147
GZY 2015 13241 0.836756
GZZ 8315 14813 0.434919
HAA 9931 586 0.501053
HAB 1661 2740 0.364269
HAC 6125 12199 0.373180
HAD 14057 3005 0.733116
HAE 6454 7373 0.865139
HAF 8818 1829 0.262642
HAG 4315 14932 0.611377
HAH 12100 14045 0.581652
HAI 11003 13544 0.578539
HAJ 952 4543 0.345378
HAK 4108 6070 0.634358
HAL 11608 8920 0.676931
HAM 7255 206 0.014771
HAN 4418 6329 0.321604
HAO 1093 2204 0.373028
HAP 14851 4243 0.314707
HAQ 9595 8051 0.071932
HAR 3194 12833 0.541581
HAS 5830 11047 0.719810
HAT 1330 1100 0.446883
HAU 7799 5165 0.271615
HAV 10334 554 0.448775
HAW 1976 809 0.948973
HAX 5848 2920 0.458510
HAY 4582 6947 0.399060
HAZ 7708 10231 0.424574
HBA 7132 776 0.537187
HBB 14315 11312 0.134526
HBC 14368 4079 0.027863
HBD 5440 12718 0.743950
HBE 7427 6311 0.978576
HBF 6947 4321 0.784783
HBG 12890 13784 0.773339
HBH 7990 7808 0.861751
HBI 812 14605 0.687124
HBJ 6040 1100 0.995605
HBK 4330 11999 0.617908
HBL 12034 11062 0.747337
HBM 8240 12385 0.581317
HBN 4082 13210 0.977508
HBO 2233 9730 0.152898
HBP 130 3463 0.487167
HBQ 7753 13424 0.443709
HBR 4148 7307 0.977233
HBS 9224 5653 0.079714
HBT 9364 11672 0.873409
HBU 4916 3470 0.649800
HBV 758 6245 0.722770
HBW 3613 8306 0.814875
HBX 2210 11876 0.197760
HBY 13684 10069 0.359935
HBZ 13424 14147 0.370586
HCA 13487 12874 0.541856
HCB 2362 3778 0.969298
HCC 286 1118 0.767602
HCD 5912 13166 0.923521
HCE 1430 13828 0.554521
HCF 1625 5183 0.774377
HCG 4294 1613 0.498245
HCH 10864 8552 0.587970
HCI 673 3247 0.234870
HCJ 10007 14945 0.998505
HCK 13630 4780 0.752312
HCL 9695 2053 0.039521
HCM 12352 5126 0.509568
HCN 148 10124 0.627796
HCO 10972 11200 0.285928
HCP 12923 3692 0.065279
HCQ 2000 14074 0.128422
HCR 4654 7828 0.849483
HCS 679 10531 0.823542
HCT 3706 2795 0.552141
HCU 9389 14488 0.609363
HCV 11846 11855 0.669942
HCW 12361 1019 0.995605
HCX 7892 9911 0.289285
HCY 6487 4 0.192633
HCZ 8438 13483 0.269112
HDA 5780 10754 0.395795
HDB 3208 7201 0.554125
HDC 5693 11299 0.649068
HDD 7138 8473 0.309946
HDE 7390 9730 0.850703
HDF 9575 8930 0.950011
HDG 5165 2881 0.285012
HDH 10067 3718 0.921567
HDI 8344 6001 0.496536
HDJ 10420 3893 0.464644
HDK 8200 1579 0.988922
HDL 12994 6265 0.575213
HDM 14965 4333 0.755943
HDN 4496 1217 0.218055
HDO 11806 2831 0.662099
HDP 12586 13396 0.571490
HDQ 4918 6116 0.809107
HDR 10715 6553 0.868862
HDS 3886 8822 0.878445
HDT 5123 10588 0.357494
HDU 9280 4972 0.652730
HDV 329 7477 0.147038
HDW 10279 11332 0.116153
HDX 4906 10064 0.393017
HDY 10300 9380 0.340648
HDZ 2437 8569 0.483016
HEA 4862 9301 0.405652
HEB 13769 11036 0.784112
HEC 6806 788 0.499771
HED 13778 5776 0.200720
HEE 13405 7028 0.737053
HEF 7796 13550 0.403119
HEG 11140 1867 0.715232
HEH 9538 6953 0.244148
HEI 970 3407 0.071322
HEJ 9038 1219 0.713797
HEK 13886 11074 0.878384
HEL 4601 3703 0.905637
HEM 916 8560 0.298715
HEN 6007 3724 0.020203
HEO 2639 12086 0.091556
HEP 13597 10129 0.524979
HEQ 3110 9187 0.988128
HER 14828 6217 0.358104
HES 1858 3500 0.223060
HET 14930 1175 0.628132
HEU 3980 3517 0.271126
HEV 10691 689 0.747856
HEW 14446 2626 0.706290
HEX 13834 13204 0.473708
HEY 1427 12574 0.704886
HEZ 2288 1337 0.027223
HFA 1942 10021 0.676931
HFB 2278 3109 0.476943
HFC 1213 325 0.456832
HFD 14674 2378 0.983245
HFE 14722 13025 0.041627
HFF 1417 10669 0.478927
HFG 4309 11509 0.655812
HFH 2647 11864 0.001251
HFI 2645 8233 0.572161
HFJ 1996 12046 0.330485
HFK 13885 11018 0.252724
HFL 3013 6175 0.950865
HFM 7397 1156 0.618580
HFN 10066 7264 0.759392
HFO 7936 5261 0.234748
HFP 9746 14102 0.526261
HFQ 7795 2953 0.535508
HFR 2572 10667 0.989166
HFS 1757 8803 0.536851
HFT 3848 7961 0.761101
HFU 227 2536 0.414777
HFV 191 3734 0.078921
HFW 5110 4889 0.494308
HFX 14218 4019 0.935301
HFY 14524 4793 0.218757
HFZ 12824 856 0.452620
HGA 3800 7354 0.179968
HGB 4646 262 0.593707
HGC 1018 9850 0.907529
HGD 2552 5914 0.586261
HGE 2177 14087 0.470107
HGF 7 4058 0.894528
HGG 2840 2408 0.654195
HGH 12035 13495 0.322306
HGI 2251 14741 0.182409
HGJ 1955 8491 0.006561
HGK 12973 13702 0.741661
HGL 11456 5219 0.779809
HGM 13357 4399 0.130100
HGN 67 1441 0.774346
HGO 14963 13354 0.234993
HGP 1981 13976 0.328684
HGQ 4772 3395 0.435774
HGR 7466 3080 0.369182
HGS 9062 8657 0.022645
HGT 628 4187 0.597613
HGU 9200 9193 0.948698
HGV 3392 10655 0.145543
HGW 12262 8636 0.320872
HGX 5105 3436 0.983551
HGY 12407 476 0.109470
HGZ 916 6407 0.421278
HHA 12112 7052 0.234504
HHB 385 11792 0.632069
HHC 2354 2018 0.105838
HHD 8945 4891 0.400281
HHE 3583 5845 0.468368
HHF 544 12485 0.357341
HHG 5804 12676 0.662770
HHH 10042 14669 0.956481
HHI 13151 8170 0.782678
HHJ 4193 6268 0.469924
HHK 4156 2864 0.311594
HHL 2419 14131 0.498154
HHM 7693 10151 0.286386
HHN 1271 10495 0.981780
HHO 2075 14630 0.481185
HHP 10007 7942 0.630757
HHQ 2185 7726 0.162175
HHR 5497 6872 0.156926
HHS 149 1346 0.255043
HHT 10001 11410 0.837458
HHU 10675 6422 0.916776
HHV 6568 14074 0.876736
HHW 14063 11098 0.138401
HHX 649 12653 0.896115
HHY 7049 6791 0.750450
HHZ 10034 8150 0.787896
HIA 3191 3476 0.678640
HIB 14039 1496 0.251076
HIC 13115 9197 0.139470
HID 9767 5422 0.702963
HIE 2974 968 0.282968
HIF 3101 13162 0.059175
HIG 2398 11869 0.225227
HIH 7421 2371 0.221290
HII 7118 11456 0.077364
HIJ 2477 2750 0.127812
HIK 3940 4558 0.103458
HIL 2243 5548 0.039338
HIM 1535 8333 0.149937
HIN 272 13130 0.464858
HIO 1705 12043 0.607868
HIP 8210 13537 0.919401
HIQ 14506 6805 0.023011
HIR 1808 5719 0.658254
HIS 7436 1535 0.681753
HIT 12596 6530 0.785089
HIU 12217 14716 0.697592
HIV 5747 11090 0.804743
HIW 11747 12101 0.930876
HIX 2846 7961 0.912809
HIY 6095 6592 0.113407
HIZ 1262 4655 0.205939
HJA 5224 3815 0.452132
HJB 12842 8800 0.687246
HJC 3538 10741 0.369274
HJD 3164 5797 0.550890
HJE 1226 13666 0.531144
HJF 5921 3110 0.890530
HJG 4156 2333 0.546525
HJH 586 5095 0.803583
HJI 8015 11825 0.302652
HJJ 7522 1444 0.992950
HJK 9805 4798 0.479965
HJL 10802 8992 0.514359
HJM 12452 4760 0.967864
HJN 14975 11219 0.414716
HJO 10801 3335 0.319803
HJP 6512 8599 0.773949
HJQ 9034 1639 0.661885
HJR 9632 937 0.226844
HJS 10466 12004 0.228126
HJT 4847 14834 0.528703
HJU 554 9076 0.565477
HJV 1271 4667 0.260567
HJW 2878 6359 0.054353
HJX 13691 14138 0.476089
HJY 8998 11806 0.354595
HJZ 4480 3820 0.093356
HKA 1297 11003 0.332377
HKB 1355 14107 0.258766
HKC 11695 368 0.581652
HKD 10787 4346 0.881100
HKE 13424 1160 0.444166
HKF 10894 7756 0.176489
HKG 6736 9724 0.082125
HKH 2983 5173 0.504135
HKI 9520 1060 0.293069
HKJ 4273 9136 0.134098
HKK 413 14773 0.000275
HKL 10600 4006 0.997070
HKM 13759 4142 0.330332
HKN 13466 7855 0.044923
HKO 8999 670 0.527879
HKP 12731 12730 0.730155
HKQ 12943 11998 0.279275
HKR 13828 13778 0.407636
HKS 6743 880 0.949400
HKT 13940 13460 0.311686
HKU 5611 3734 0.400220
HKV 12593 442 0.275857
HKW 7525 13058 0.087710
HKX 7819 13495 0.679403
HKY 4075 10187 0.640339
HKZ 232 13937 0.339244
HLA 3377 1799 0.744102
HLB 3019 9289 0.350658
HLC 3890 7924 0.511765
HLD 3425 8488 0.334269
HLE 11981 4012 0.225623
HLF 13028 6839 0.298990
HLG 4175 5017 0.042482
HLH 5125 11434 0.504349
HLI 5929 3451 0.554735
HLJ 5428 3716 0.426862
HLK 5180 328 0.642659
HLL 13325 4382 0.326945
HLM 1013 13598 0.453932
HLN 5875 10861 0.102542
HLO 7876 1319 0.230903
HLP 1804 14356 0.227546
HLQ 2296 12140 0.699637
HLR 197 6001 0.730308
HLS 2879 1621 0.464461
HLT 14656 4028 0.498398
HLU 14086 988 0.938963
HLV 14009 12004 0.822565
HLW 13675 10580 0.416059
HLX 649 14071 0.141148
HLY 7840 14378 0.563128
HLZ 2336 11050 0.542802
HMA 10426 6277 0.542100
HMB 1339 5915 0.852138
HMC 8206 12599 0.731376
HMD 12005 7018 0.187780
HME 3469 9902 0.285623
HMF 8159 5411 0.868831
HMG 8648 2584 0.138646
HMH 14377 554 0.578082
HMI 5437 7144 0.157720
HMJ 11291 2414 0.896634
HMK 4516 1472 0.621754
HML 5207 11474 0.825526
HMM 3560 3799 0.641224
HMN 13153 9181 0.834162
HMO 13994 6265 0.196539
HMP 2551 2294 0.446333
HMQ 14375 6076 0.760308
HMR 11974 11896 0.516434
HMS 11540 7699 0.621021
HMT 8041 14092 0.288888
HMU 14867 14599 0.660054
HMV 3086 4715 0.194220
HMW 11900 9334 0.077120
HMX 5522 5243 0.244301
HMY 4814 1645 0.039430
HMZ 4357 803 0.968383
HNA 1519 4154 0.065859
HNB 62 12551 0.209357
HNC 370 9079 0.781610
HND 13298 1385 0.898251
HNE 14725 14330 0.108646
HNF 7006 2776 0.269967
HNG 8240 12995 0.624989
HNH 1513 502 0.002472
HNI 8404 152 0.349345
HNJ 11644 863 0.574023
HNK 11755 10297 0.219489
HNL 8170 8348 0.871181
HNM 14555 14492 0.650227
HNN 10183 8455 0.862514
HNO 2921 1367 0.410962
HNP 9872 2407 0.108158
HNQ 12416 308 0.276101
HNR 14773 3407 0.127720
HNS 10096 14827 0.098025
HNT 6806 14272 0.322184
HNU 1852 8656 0.759789
HNV 1756 8131 0.366985
HNW 14837 5480 0.504929
HNX 3494 8902 0.885403
HNY 9481 14549 0.043092
HNZ 6014 12047 0.900815
HOA 12146 1963 0.214026
HOB 4870 989 0.178442
HOC 3968 11450 0.487106
HOD 11200 9715 0.224372
HOE 376 5425 0.802149
HOF 7613 13216 0.540574
HOG 3832 194 0.844996
HOH 13000 4063 0.861080
HOI 7553 8152 0.423566
HOJ 13319 10510 0.643544
HOK 1177 9652 0.791803
HOL 313 12652 0.186285
HOM 12869 11011 0.184820
HON 959 4232 0.507920
HOO 13121 12569 0.104495
HOP 8740 34 0.691336
HOQ 8284 5192 0.653584
HOR 1763 8504 0.881161
HOS 9086 3815 0.086184
HOT 10705 6506 0.654866
HOU 5020 13885 0.346355
HOV 1673 8743 0.195257
HOW 5023 1063 0.328074
HOX 13031 11426 0.691794
HOY 1424 4487 0.538621
HOZ 11102 12749 0.823664
HPA 8557 9457 0.403333
HPB 12323 2807 0.147557
HPC 4513 11560 0.240516
HPD 1072 10244 0.855403
HPE 14528 3632 0.586169
HPF 13966 4162 0.807184
HPG 2605 836 0.682699
HPH 10862 3067 0.105716
HPI 3037 3431 0.189978
HPJ 4834 3466 0.887082
HPK 13651 2485 0.155583
HPL 10157 2540 0.581957
HPM 6323 2707 0.618763
HPN 13328 2726 0.779321
HPO 3533 13981 0.545824
HPP 3361 8744 0.122806
HPQ 3233 14947 0.724601
HPR 2599 9824 0.516129
HPS 2242 10847 0.413739
HPT 8210 9220 0.430677
HPU 11740 7814 0.565996
HPV 12089 13397 0.424299
HPW 8641 2233 0.955809
HPX 9857 11602 0.214911
HPY 1639 13381 0.160192
HPZ 881 5903 0.937376
HQA 8767 8086 0.695181
HQB 14045 10393 0.665456
HQC 1808 2930 0.323344
HQD 9691 4033 0.034974
HQE 8975 7906 0.245003
HQF 14632 6476 0.975066
HQG 7124 737 0.192419
HQH 1502 1430 0.278054
HQI 8017 13192 0.987365
HQJ 8585 4463 0.129307
HQK 9053 7243 0.522385
HQL 2773 2977 0.908170
HQM 7831 4079 0.012024
HQN 1733 7507 0.682882
HQO 5905 146 0.352580
HQP 13702 5684 0.980224
HQQ 5384 6686 0.159124
HQR 12649 11294 0.740684
HQS 11885 8942 0.136021
HQT 6653 9443 0.997101
HQU 12008 12418 0.508408
HQV 9646 9203 0.863247
HQW 7489 3899 0.925382
HQX 3028 3667 0.015076
HQY 10955 3974 0.160131
HQZ 3334 7126 0.114322
HRA 9622 14963 0.709098
HRB 6344 1319 0.688681
HRC 2111 14581 0.650349
HRD 2869 2486 0.969970
HRE 14711 1705 0.492080
HRF 1174 6370 0.223365
HRG 2777 13214 0.844874
HRH 869 10876 0.307566
HRI 13324 5371 0.213813
HRJ 6254 6221 0.705893
HRK 12025 4117 0.655416
HRL 485 13126 0.194098
HRM 11125 10255 0.098483
HRN 10369 940 0.779717
HRO 14078 6043 0.421918
HRP 8140 5489 0.691336
HRQ 2261 2089 0.530259
HRR 3407 4133 0.135166
HRS 6499 8465 0.304361
HRT 5956 4982 0.397900
HRU 4928 452 0.047792
HRV 10600 4936 0.782800
HRW 5447 7745 0.528336
HRX 3893 10690 0.946226
HRY 14482 12265 0.551775
HRZ 6979 4064 0.578631
HSA 8681 593 0.827754
HSB 14593 8276 0.173132
HSC 1187 13337 0.318644
HSD 7130 4532 0.970092
HSE 3574 2716 0.928617
HSF 8782 2 0.183538
HSG 659 10052 0.915433
HSH 2098 9722 0.431471
HSI 10067 2530 0.417615
HSJ 4789 14362 0.024812
HSK 605 3839 0.608020
HSL 5017 12766 0.557604
HSM 9020 5305 0.839076
HSN 14264 793 0.191687
HSO 1948 14803 0.357646
HSP 14225 8548 0.284371
HSQ 6937 2590 0.364330
HSR 1171 14495 0.679769
HSS 4778 3148 0.999237
HST 10520 5956 0.204993
HSU 8095 13334 0.877041
HSV 6686 3497 0.806818
HSW 6883 4379 0.694540
HSX 6088 1382 0.450819
HSY 6832 350 0.818262
HSZ 577 6139 0.520127
HTA 3956 596 0.254982
HTB 9602 5767 0.105167
HTC 6217 14624 0.635060
HTD 76 4027 0.409223
HTE 4910 2150 0.427259
HTF 2555 13699 0.619343
HTG 3881 2857 0.176397
HTH 13342 14015 0.142125
HTI 3829 865 0.735282
HTJ 1720 461 0.199133
HTK 5477 7034 0.880093
HTL 7696 11141 0.544420
HTM 1424 6077 0.972839
HTN 10046 3482 0.630970
HTO 1729 2740 0.094272
HTP 8258 12008 0.039491
HTQ 1331 7220 0.940336
HTR 4672 1873 0.516007
HTS 13589 2945 0.377789
HTT 11185 4445 0.669118
HTU 6046 10457 0.519242
HTV 13604 14672 0.381512
HTW 4619 14161 0.122471
HTX 7003 4045 0.412244
HTY 2018 14395 0.678549
HTZ 6529 13780 0.637715
HUA 3733 2533 0.341685
HUB 12707 3200 0.022340
HUC 13330 13048 0.506088
HUD 13588 3184 0.849055
HUE 5743 12457 0.968474
HUF 6293 3283 0.100040
HUG 2404 13355 0.859615
HUH 7003 12101 0.288858
HUI 2498 2233 0.507340
HUJ 6466 2452 0.621693
HUK 11645 883 0.730094
HUL 883 10252 0.245949
HUM 9094 5683 0.383282
HUN 3839 13592 0.641011
HUO 7171 6382 0.912320
HUP 9127 557 0.051668
HUQ 10318 7750 0.831721
HUR 14749 7529 0.384136
HUS 6170 7994 0.075381
HUT 1735 9731 0.296670
HUU 98 7301 0.673299
HUV 2036 12716 0.455153
HUW 3701 4972 0.827662
HUX 2071 4757 0.205695
HUY 7544 9821 0.817225
HUZ 5971 7373 0.372387
HVA 14204 5977 0.869259
HVB 5239 11360 0.639637
HVC 4675 7640 0.836848
HVD 8564 10202 0.153081
HVE 6574 12211 0.826624
HVF 12637 6086 0.692770
HVG 3023 5356 0.461104
HVH 12919 556 0.165868
HVI 542 6530 0.862239
HVJ 9622 6187 0.354930
HVK 8933 1334 0.326029
HVL 9920 8693 0.969543
HVM 12787 8048 0.653371
HVN 10372 5545 0.206702
HVO 7454 3029 0.829524
HVP 1475 10900 0.356761
HVQ 2540 5162 0.834010
HVR 13711 10346 0.616474
HVS 14587 9373 0.433454
HVT 12692 1691 0.321940
HVU 1072 9716 0.493057
HVV 9661 1523 0.408338
HVW 106 6629 0.256844
HVX 12002 11549 0.171209
HVY 1828 10177 0.823481
HVZ 503 4555 0.469375
HWA 10181 1370 0.303781
HWB 11837 8749 0.494186
HWC 11783 6755 0.514878
HWD 12968 11015 0.265175
HWE 12760 8017 0.169805
HWF 3650 5509 0.215369
HWG 11843 2813 0.984558
HWH 5081 9326 0.732322
HWI 493 10664 0.570666
HWJ 10090 10516 0.444929
HWK 9437 11342 0.039888
HWL 11912 10535 0.516434
HWM 14567 8615 0.536851
HWN 3877 6062 0.346477
HWO 142 4375 0.066378
HWP 5459 62 0.024934
HWQ 4102 12353 0.618305
HWR 5228 13763 0.741508
HWS 11570 526 0.334300
HWT 2803 9532 0.262703
HWU 6676 12875 0.942198
HWV 1750 5452 0.668935
HWW 14734 10345 0.518998
HWX 1187 5402 0.920072
HWY 3476 595 0.468276
HWZ 4223 1268 0.618244
HXA 11801 536 0.027070
HXB 8302 12826 0.680929
HXC 4279 13834 0.285134
HXD 2206 2666 0.655446
HXE 8857 1498 0.223609
HXF 12247 4595 0.221076
HXG 4919 536 0.291177
HXH 7793 12331 0.160192
HXI 12751 460 0.153081
HXJ 6946 5468 0.864101
HXK 11083 9710 0.104251
HXL 6635 9328 0.393139
HXM 7063 13532 0.848323
HXN 3325 14848 0.364391
HXO 12463 11392 0.543382
HXP 1079 9196 0.611835
HXQ 14696 2224 0.821131
HXR 1250 9164 0.786248
HXS 1178 826 0.526658
HXT 5369 14767 0.954588
HXU 3883 11395 0.828272
HXV 8311 5126 0.946684
HXW 191 14711 0.728782
HXX 12101 2402 0.810327
HXY 785 8176 0.506699
HXZ 11210 1874 0.392224
HYA 12412 8575 0.842158
HYB 10466 977 0.893857
HYC 12286 7898 0.971404
HYD 2707 4093 0.377148
HYE 5965 3143 0.785363
HYF 12260 6094 0.744530
HYG 10424 4199 0.970183
HYH 548 8221 0.812586
HYI 3937 13775 0.702475
HYJ 8792 9046 0.867824
HYK 10399 9404 0.688742
HYL 8797 1298 0.655080
HYM 14248 13451 0.097140
HYN 3691 6508 0.238197
HYO 11030 13819 0.799738
HYP 8254 12221 0.703360
HYQ 170 13787 0.945524
HYR 3874 9697 0.381970
HYS 644 12655 0.849971
HYT 13567 8999 0.271981
HYU 3056 5102 0.130802
HYV 1297 424 0.758965
HYW 9550 10982 0.579119
HYX 2212 4144 0.710868
HYY 7244 11449 0.044557
HYZ 2024 4646 0.661763
HZA 5441 5207 0.263833
HZB 12094 3100 0.239051
HZC 4075 2275 0.697256
HZD 12383 5942 0.351512
HZE 2258 4922 0.680960
HZF 12184 6370 0.061769
HZG 3580 9482 0.182470
HZH 6496 11888 0.648488
HZI 13544 8707 0.783715
HZJ 12763 9049 0.239509
HZK 6802 13790 0.838588
HZL 10897 14909 0.696615
HZM 268 986 0.684439
HZN 8182 1690 0.277688
HZO 6844 5963 0.951018
HZP 10129 9244 0.120548
HZQ 1424 10841 0.037843
HZR 8696 3361 0.905881
HZS 12743 4198 0.339640
HZT 5281 13444 0.294290
HZU 5002 1102 0.418348
HZV 9970 1459 0.015107
HZW 1804 10922 0.674764
HZX 850 3725 0.939482
HZY 11894 11666 0.785150
HZZ 346 13417 0.222358
IAA 994 7604 0.864864
IAB 10012 2500 0.772790
IAC 13448 3668 0.629170
IAD 9337 14566 0.030335
IAE 5513 3343 0.360790
IAF 5854 6532 0.420942
IAG 3631 4547 0.895352
IAH 2516 3814 0.052217
IAI 12934 1889 0.719810
IAJ 3181 14075 0.321879
IAK 10075 11225 0.273904
IAL 4439 1189 0.269173
IAM 10672 5051 0.272530
IAN 6937 443 0.831050
IAO 12931 14006 0.954711
IAP 8399 14305 0.790094
IAQ 5281 7373 0.238014
IAR 11182 8119 0.251595
IAS 1912 8480 0.438124
IAT 9349 12347 0.081851
IAU 8188 10760 0.129063
IAV 6874 3055 0.007202
IAW 10433 2176 0.496353
IAX 581 2591 0.139256
IAY 1976 13229 0.792840
IAZ 3574 2813 0.675924
IBA 3607 3958 0.878872
IBB 8144 8492 0.562883
IBC 275 4345 0.929502
IBD 8735 3065 0.104404
IBE 7802 7315 0.855739
IBF 9058 1232 0.014130
IBG 1990 3523 0.433790
IBH 905 7084 0.321055
IBI 3101 9478 0.192663
IBJ 7687 8812 0.015900
IBK 12004 14465 0.401929
IBL 406 1640 0.466231
IBM 11638 5104 0.651234
IBN 1141 11047 0.567583
IBO 9428 919 0.148656
IBP 10261 3916 0.459395
IBQ 5573 4081 0.608509
IBR 3059 2183 0.543474
IBS 14236 3980 0.077853
IBT 4576 8537 0.620930
IBU 10000 7754 0.889462
IBV 907 1154 0.343059
IBW 2777 8312 0.750084
IBX 5281 1094 0.967925
IBY 14885 14186 0.405835
IBZ 4325 1229 0.761925
ICA 14819 2020 0.991424
ICB 14614 670 0.402509
ICC 9455 1729 0.695791
ICD 3184 12197 0.552232
ICE 4757 13124 0.387066
ICF 694 13415 0.511704
ICG 1432 5578 0.957396
ICH 199 12169 0.641285
ICI 8147 1531 0.003357
ICJ 6086 10609 0.196905
ICK 1337 3310 0.669942
ICL 12742 13595 0.477187
ICM 14695 10462 0.682089
ICN 14623 8260 0.852779
ICO 13319 9991 0.397290
ICP 4448 14636 0.470016
ICQ 5251 5323 0.750664
ICR 11612 3280 0.313028
ICS 13634 13684 0.866237
ICT 10477 9140 0.997772
ICU 3218 550 0.492447
ICV 14651 943 0.283425
ICW 9046 2869 0.914060
ICX 257 11189 0.944975
ICY 1396 1675 0.220283
ICZ 2044 4211 0.478866
IDA 3683 13408 0.399182
IDB 1673 688 0.243904
IDC 4372 12394 0.297281
IDD 3166 7478 0.185064
IDE 131 455 0.668355
IDF 9758 6965 0.386029
IDG 257 8602 0.948820
IDH 9628 5122 0.462477
IDI 12349 635 0.674062
IDJ 2786 9346 0.373058
IDK 9292 7832 0.209082
IDL 1573 3163 0.711600
IDM 14473 9835 0.336253
IDN 5680 1555 0.076235
IDO 4651 14203 0.846400
IDP 13843 2944 0.818293
IDQ 11546 6164 0.242103
IDR 5285 8996 0.472518
IDS 2306 6547 0.610462
IDT 8768 926 0.598102
IDU 12866 10019 0.276986
IDV 8180 11627 0.726463
IDW 359 673 0.646046
IDX 4399 9305 0.757988
IDY 8170 3202 0.281259
IDZ 3127 2233 0.586657
IEA 14356 13252 0.415937
IEB 8489 7205 0.094455
IEC 2192 2657 0.325968
IED 8764 10268 0.065188
IEE 938 11177 0.977935
IEF 1895 2599 0.146764
IEG 8899 9694 0.701468
IEH 488 5405 0.869320
IEI 10531 10079 0.958586
IEJ 74 3430 0.023927
IEK 6694 2864 0.212775
IEL 4417 5948 0.553545
IEM 7135 2005 0.068453
IEN 8030 13232 0.624348
IEO 10654 9442 0.875210
IEP 4921 14303 0.861324
IEQ 10024 12581 0.501785
IER 7255 1637 0.966735
IES 5135 2992 0.604175
IET 8809 9160 0.224952
IEU 8131 2485 0.064669
IEV 2786 7897 0.851070
IEW 2609 7661 0.992950
IEX 6529 5639 0.892544
IEY 5108 2878 0.375927
IEZ 12059 6650 0.568529
IFA 2762 9217 0.771966
IFB 410 4598 0.650197
IFC 7495 14518 0.983337
IFD 3614 6262 0.878933
IFE 5623 5228 0.043580
IFF 2552 11720 0.609424
IFG 827 10403 0.740165
IFH 5876 8965 0.974303
IFI 5666 50 0.886074
IFJ 10136 12463 0.026978
IFK 1621 6389 0.285043
IFL 5678 10072 0.647877
IFM 1633 12293 0.420057
IFN 6388 1759 0.627308
IFO 8809 13957 0.969054
IFP 13199 70 0.386639
IFQ 2566 140 0.932402
IFR 6745 13867 0.395062
IFS 1361 8738 0.073733
IFT 4169 10517 0.606647
IFU 14440 7351 0.149571
IFV 217 4594 0.307688
IFW 5093 9814 0.664327
IFX 14897 13387 0.749535
IFY 11470 2843 0.255928
IFZ 7630 9410 0.975860
IGA 7753 12446 0.920774
IGB 1078 3691 0.459059
IGC 2231 6538 0.749321
IGD 10553 682 0.660756
IGE 4537 1073 0.291696
IGF 169 265 0.556841
IGG 1285 4616 0.728629
IGH 10649 7646 0.637471
IGI 13397 959 0.314005
IGJ 3104 12788 0.035005
IGK 749 4058 0.706687
IGL 700 1255 0.372448
IGM 7622 8818 0.442396
IGN 8720 5753 0.786004
IGO 12374 8188 0.542283
IGP 3905 4346 0.484390
IGQ 3863 2153 0.732261
IGR 1477 2546 0.286569
IGS 12161 7157 0.585009
IGT 6806 1762 0.957030
IGU 9611 12131 0.719993
IGV 6700 2644 0.956511
IGW 11306 11782 0.626789
IGX 4012 776 0.572466
IGY 3899 8797 0.344310
IGZ 8929 12035 0.409131
IHA 605 14681 0.753807
IHB 6854 847 0.034272
IHC 13880 4102 0.252144
IHD 5309 13775 0.313639
IHE 7088 2872 0.692709
IHF 14009 11870 0.748619
IHG 12649 12707 0.333323
IHH 4268 8935 0.087405
IHI 11651 8497 0.744407
IHJ 8995 4382 0.732078
IHK 1658 14035 0.827265
IHL 736 13271 0.136906
IHM 13964 13943 0.899655
IHN 13925 100 0.615772
IHO 1469 12497 0.845912
IHP 9098 2062 0.866634
IHQ 8443 182 0.230232
IHR 3679 3442 0.213385
IHS 6818 4978 0.656209
IHT 4193 2069 0.173772
IHU 13328 11747 0.148930
IHV 10124 6017 0.622700
IHW 2206 2563 0.566362
IHX 11455 481 0.648610
IHY 5986 8887 0.632588
IHZ 4277 3073 0.328928
IIA 10430 10691 0.759087
IIB 4993 8908 0.198157
IIC 7966 433 0.001679
IID 4006 268 0.278848
IIE 5596 3034 0.916044
IIF 4729 9089 0.312784
IIG 5426 7012 0.350688
IIH 13108 10943 0.394330
III 10307 13843 0.976928
IIJ 12872 2285 0.694021
IIK 404 644 0.221839
IIL 11185 14632 0.494125
IIM 9463 10286 0.877285
IIN 2743 7634 0.462355
IIO 9785 4499 0.617573
IIP 4435 14257 0.092532
IIQ 5392 6877 0.608356
IIR 809 2984 0.664083
IIS 1981 7306 0.944029
IIT 9938 3110 0.043825
IIU 934 878 0.442976
IIV 10205 9352 0.295389
IIW 8816 10964 0.980255
IIX 1084 1444 0.501144
IIY 6727 889 0.671407
IIZ 1429 3232 0.563280
IJA 1798 7786 0.466475
IJB 6820 4408 0.158452
IJC 11156 13414 0.690481
IJD 11768 4730 0.600909
IJE 5437 6505 0.405286
IJF 5579 13913 0.244758
IJG 4150 2086 0.790185
IJH 1157 14888 0.357402
IJI 1462 7817 0.669271
IJJ 6641 6064 0.238594
IJK 7348 7397 0.481033
IJL 13829 3368 0.879910
IJM 6163 11882 0.009339
IJN 11503 6724 0.772362
IJO 389 7105 0.706565
IJP 14776 914 0.706809
IJQ 14540 1019 0.056978
IJR 12823 164 0.694601
IJS 6415 12301 0.783868
IJT 3428 13337 0.591540
IJU 2378 3320 0.414502
IJV 1157 10927 0.759484
IJW 890 7693 0.416944
IJX 11948 6691 0.274728
IJY 5380 5501 0.426862
IJZ 9665 7213 0.911679
IKA 5128 9556 0.625507
IKB 728 2773 0.524216
IKC 8822 9968 0.728874
IKD 3368 9074 0.635853
IKE 8516 5681 0.934019
IKF 5668 370 0.161168
IKG 10001 9901 0.161657
IKH 845 4978 0.339518
IKI 1037 2293 0.663900
IKJ 1805 3232 0.291635
IKK 14678 2686 0.151921
IKL 4198 6454 0.237465
IKM 2350 9200 0.673330
IKN 7684 2432 0.461379
IKO 5509 10498 0.147771
IKP 6506 2962 0.707327
IKQ 12481 12082 0.387707
IKR 13418 6958 0.953948
IKS 9452 10489 0.205084
IKT 13810 11428 0.584094
IKU 8831 6626 0.465194
IKV 6013 4084 0.949400
IKW 9116 8785 0.318003
IKX 3961 1070 0.363475
IKY 83 115 0.940550
IKZ 13174 4982 0.763695
ILA 2861 9842 0.587115
ILB 10237 3113 0.781518
ILC 2855 6701 0.191259
ILD 971 14944 0.886624
ILE 4852 7555 0.819666
ILF 6307 3922 0.740501
ILG 8209 5468 0.570025
ILH 6502 5836 0.037172
ILI 8084 13478 0.654653
ILJ 1928 1550 0.048921
ILK 11285 4010 0.046297
ILL 3269 433 0.955626
ILM 1567 11530 0.807520
ILN 421 14173 0.944884
ILO 2992 5189 0.702231
ILP 9946 6775 0.150243
ILQ 13948 11218 0.527543
ILR 11257 10970 0.871303
ILS 7849 11285 0.424940
ILT 9871 14197 0.318430
ILU 6079 12427 0.861782
ILV 7864 10891 0.471877
ILW 10135 11531 0.640736
ILX 13828 1486 0.659688
ILY 3761 7595 0.819544
ILZ 3506 1406 0.276620
IMA 14887 12277 0.433302
IMB 998 9571 0.800439
IMC 14312 265 0.030976
IMD 13457 178 0.045381
IME 322 4339 0.890957
IMF 1130 8599 0.548967
IMG 733 5909 0.993561
IMH 10303 1801 0.238441
IMI 13075 6340 0.025819
IMJ 5810 10813 0.198706
IMK 2497 3185 0.500076
IML 4336 7433 0.582812
IMM 997 10565 0.109256
IMN 9896 9982 0.599689
IMO 9761 2282 0.342235
IMP 710 1351 0.202979
IMQ 6980 13499 0.766900
IMR 5090 12793 0.715812
IMS 9076 14338 0.883267
IMT 10045 3659 0.284860
IMU 12277 6490 0.677236
IMV 4498 13234 0.887509
IMW 11920 5303 0.593402
IMX 13735 14995 0.741630
IMY 14708 12266 0.217597
IMZ 14981 7811 0.518174
INA 13096 4084 0.142094
INB 2945 4162 0.850398
INC 1114 12745 0.900967
IND 14470 4820 0.403119
INE 11087 6622 0.140507
INF 11707 6958 0.328196
ING 6590 6140 0.947569
INH 1949 6731 0.419904
INI 13414 10775 0.128330
INJ 13150 11300 0.816309
INK 9494 3985 0.835108
INL 4676 2216 0.798639
INM 3086 3629 0.898221
INN 3382 5221 0.241371
INO 337 1172 0.171331
INP 11357 8182 0.691275
INQ 5216 6947 0.752037
INR 5444 1321 0.022370
INS 2584 8587 0.732261
INT 5671 14504 0.258370
INU 13840 10736 0.782647
INV 14608 5752 0.591937
INW 8791 12299 0.010498
INX 4714 5180 0.992309
INY 7363 10684 0.774407
INZ 9739 12785 0.200995
IOA 5818 13984 0.117069
IOB 12763 880 0.495224
IOC 4190 1805 0.817042
IOD 9556 8317 0.475234
IOE 5686 4042 0.380200
IOF 538 5872 0.431379
IOG 8741 11642 0.225776
IOH 4511 9763 0.692221
IOI 3646 14506 0.485549
IOJ 9598 8524 0.871548
IOK 1105 7102 0.862148
IOL 11233 640 0.248329
IOM 3133 731 0.500809
ION 7201 14132 0.748894
IOO 2807 562 0.448683
IOP 6242 6776 0.283395
IOQ 13237 1466 0.629170
IOR 13576 13492 0.645253
IOS 3932 9614 0.971770
IOT 6599 1412 0.932646
IOU 13060 10433 0.034761
IOV 13615 4207 0.625721
IOW 4621 7475 0.765770
IOX 11759 6835 0.174139
IOY 13724 10823 0.584246
IOZ 13420 14087 0.341136
IPA 4684 7702 0.373058
IPB 215 11738 0.740959
IPC 1993 11534 0.848231
IPD 9373 14450 0.116886
IPE 3520 1154 0.772668
IPF 12497 11036 0.066134
IPG 14657 1402 0.206000
IPH 6118 11674 0.246712
IPI 10643 9542 0.072176
IPJ 5047 4675 0.730033
IPK 14773 11489 0.397809
IPL 11024 12637 0.210242
IPM 754 9506 0.256111
IPN 2443 6512 0.378002
IPO 1013 2309 0.367840
IPP 5845 2099 0.033387
IPQ 4474 8828 0.084719
IPR 9152 6415 0.577807
IPS 10787 5782 0.742302
IPT 2891 3607 0.509873
IPU 6986 8009 0.736900
IPV 7217 7474 0.585101
IPW 8849 14291 0.785638
IPX 8281 11237 0.502701
IPY 13267 13196 0.291055
IPZ 479 3970 0.485794
IQA 10817 11336 0.179357
IQB 11398 7708 0.044801
IQC 7970 14096 0.637654
IQD 7616 5365 0.684378
IQE 14297 13663 0.466781
IQF 11819 1351 0.457076
IQG 1795 7300 0.916959
IQH 10922 1949 0.206397
IQI 13862 6151 0.507340
IQJ 7418 3268 0.202643
IQK 13592 329 0.076052
IQL 6838 3967 0.784326
IQM 10658 29 0.784661
IQN 4088 14671 0.696371
IQO 12236 7600 0.638936
IQP 14927 5065 0.195257
IQQ 11362 851 0.911802
IQR 3733 641 0.788079
IQS 4219 7768 0.282723
IQT 2992 2606 0.819575
IQU 6382 10895 0.177526
IQV 11386 2044 0.138493
IQW 2078 14407 0.314859
IQX 1780 3895 0.888638
IQY 7919 8153 0.477401
IQZ 9575 1112 0.206458
IRA 11848 11435 0.644093
IRB 6079 1094 0.391034
IRC 2750 4214 0.473159
IRD 11626 11356 0.065950
IRE 14614 13211 0.339305
IRF 6488 5443 0.105686
IRG 11117 1612 0.324625
IRH 3781 6623 0.772515
IRI 3086 7669 0.370403
IRJ 14488 10216 0.730583
IRK 14992 11047 0.837611
IRL 8537 65 0.496597
IRM 743 8920 0.624042
IRN 7667 14581 0.575915
IRO 5458 770 0.371380
IRP 9157 3422 0.143803
IRQ 6727 1019 0.788873
IRR 10099 2269 0.790796
IRS 7342 397 0.349803
IRT 280 12616 0.679861
IRU 14212 1171 0.203528
IRV 718 12739 0.591357
IRW 5231 1349 0.719749
IRX 11219 14078 0.879482
IRY 12233 11360 0.261391
IRZ 388 7225 0.460067
ISA 6275 10948 0.200507
ISB 10078 14491 0.717856
ISC 12484 3403 0.465438
ISD 529 2404 0.784082
ISE 14893 4378 0.667837
ISF 5620 1813 0.123569
ISG 3943 7300 0.727622
ISH 2504 2168 0.902219
ISI 2177 1393 0.516709
ISJ 11291 1832 0.311411
ISK 14179 8759 0.005890
ISL 2798 11480 0.028413
ISM 11860 3665 0.346263
ISN 7649 11407 0.414045
ISO 12587 589 0.872982
ISP 3509 13987 0.021424
ISQ 8165 12011 0.810755
ISR 4474 12790 0.631336
ISS 2239 10607 0.110324
IST 8944 13474 0.468429
ISU 9841 2989 0.980163
ISV 6008 13366 0.615955
ISW 7631 1727 0.921567
ISX 1750 1012 0.052156
ISY 5657 3982 0.054537
ISZ 677 10345 0.314158
ITA 8735 9109 0.858547
ITB 8939 9902 0.670064
ITC 9856 11027 0.775567
ITD 2152 7961 0.980285
ITE 3548 10141 0.054140
ITF 10987 13925 0.273812
ITG 3034 4853 0.378857
ITH 4864 1724 0.583666
ITI 6085 11489 0.855495
ITJ 10210 1067 0.898709
ITK 856 8962 0.431471
ITL 2195 11600 0.327403
ITM 14531 6992 0.451125
ITN 3298 1300 0.850764
ITO 182 6077 0.397473
ITP 3181 1810 0.496628
ITQ 14996 5900 0.586505
ITR 12679 14993 0.521348
ITS 3793 10331 0.276284
ITT 14300 782 0.355876
ITU 1349 10940 0.960540
ITV 497 8650 0.797021
ITW 14444 14839 0.156438
ITX 2065 773 0.314127
ITY 6362 6515 0.397992
ITZ 5884 3035 0.534074
IUA 13009 2617 0.029664
IUB 11353 6518 0.075808
IUC 814 9184 0.390881
IUD 3475 13789 0.066225
IUE 3217 3116 0.708243
IUF 3568 1393 0.997497
IUG 1408 5530 0.102695
IUH 13756 11015 0.214301
IUI 10801 11752 0.189306
IUJ 8006 10574 0.367565
IUK 16 3811 0.429334
IUL 14207 13094 0.766503
IUM 8117 5944 0.311014
IUN 1825 3115 0.829493
IUO 5957 14609 0.210364
IUP 3188 1264 0.898221
IUQ 11108 3631 0.042482
IUR 4042 5575 0.665365
IUS 8822 5890 0.184484
IUT 1630 9229 0.500107
IUU 5633 5225 0.252937
IUV 3892 5057 0.160405
IUW 4478 6808 0.783013
IUX 3646 6994 0.882992
IUY 1448 3359 0.302866
IUZ 9539 14290 0.765770
IVA 656 5039 0.354472
IVB 85 4702 0.828486
IVC 6124 7063 0.301218
IVD 13586 10661 0.279122
IVE 10033 1915 0.915494
IVF 10474 772 0.454237
IVG 499 9050 0.372295
IVH 8834 6266 0.761498
IVI 3040 9961 0.019807
IVJ 7388 10184 0.862056
IVK 5144 11923 0.776391
IVL 9706 529 0.409223
IVM 3908 9814 0.841090
IVN 6037 2791 0.038301
IVO 4022 10064 0.227393
IVP 11372 12713 0.099765
IVQ 4045 1912 0.061495
IVR 751 2800 0.974944
IVS 12104 10105 0.251625
IVT 280 8429 0.830042
IVU 12859 2356 0.661672
IVV 7771 6629 0.479659
IVW 5581 4691 0.931333
IVX 14555 6259 0.766076
IVY 5983 11759 0.203833
IVZ 12802 10225 0.644948
IWA 14822 3433 0.876797
IWB 1556 2348 0.122806
IWC 11870 9763 0.703543
IWD 766 10748 0.443190
IWE 1357 9928 0.770562
IWF 2738 2285 0.592669
IWG 5746 4042 0.682577
IWH 4036 9478 0.418378
IWI 5461 14614 0.327830
IWJ 10394 1186 0.541734
IWK 13693 13184 0.497574
IWL 647 7297 0.941557
IWM 6547 9751 0.016511
IWN 10753 10969 0.692251
IWO 14176 7166 0.537675
IWP 13672 12454 0.999908
IWQ 8140 12079 0.380902
IWR 1294 7072 0.510117
IWS 5593 5846 0.384899
IWT 2593 10900 0.987548
IWU 20 7175 0.312387
IWV 1795 14294 0.016419
IWW 3698 13910 0.531480
IWX 5140 6334 0.467208
IWY 8938 13316 0.111515
IWZ 11927 2821 0.241340
IXA 11920 9592 0.747276
IXB 11515 10601 0.371349
IXC 1207 6517 0.684652
IXD 3244 2843 0.039460
IXE 1585 14746 0.691549
IXF 1786 11234 0.611194
IXG 8248 302 0.718986
IXH 7538 12389 0.485153
IXI 9943 11707 0.862545
IXJ 5900 13477 0.563097
IXK 2140 2738 0.180059
IXL 12775 14243 0.566790
IXM 5804 3184 0.478683
IXN 484 12140 0.400433
IXO 13838 11825 0.975341
IXP 3686 3077 0.398572
IXQ 10468 3662 0.385174
IXR 11887 6325 0.739952
IXS 3328 7610 0.127171
IXT 3824 643 0.668600
IXU 2195 12140 0.579882
IXV 7936 8084 0.571337
IXW 1414 4507 0.299783
IXX 13771 11575 0.542070
IXY 950 1076 0.451735
IXZ 6943 7417 0.938688
IYA 8837 11426 0.023133
IYB 3239 1048 0.738395
IYC 1748 3265 0.326273
IYD 7420 430 0.342753
IYE 5827 805 0.457900
IYF 9155 991 0.000641
IYG 104 3136 0.411206
IYH 14528 2174 0.332743
IYI 2006 10606 0.045351
IYJ 6575 329 0.676717
IYK 4301 10688 0.736198
IYL 3224 11887 0.256020
IYM 2989 13078 0.885678
IYN 2195 12587 0.630024
IYO 13301 9845 0.180639
IYP 7613 12959 0.634968
IYQ 12809 2467 0.188360
IYR 7090 2153 0.199622
IYS 4733 845 0.183020
IYT 6385 12079 0.139622
IYU 14297 13973 0.638936
IYV 2039 7 0.427503
IYW 1160 14500 0.225562
IYX 622 13828 0.624561
IYY 11707 2735 0.025269
IYZ 3421 13582 0.272317
IZA 1477 5216 0.688223
IZB 7162 542 0.199164
IZC 9148 5228 0.967437
IZD 11651 4139 0.028291
IZE 13852 12463 0.165349
IZF 3542 14219 0.799707
IZG 12608 2524 0.094760
IZH 23 12827 0.667776
IZI 1612 1670 0.839290
IZJ 5609 8740 0.232154
IZK 14953 352 0.514115
IZL 10886 8879 0.326487
IZM 1208 1766 0.003845
IZN 2014 13448 0.154668
IZO 7391 2284 0.912687
IZP 12130 1993 0.650227
IZQ 5915 11957 0.332713
IZR 1433 337 0.967895
IZS 326 709 0.139348
IZT 8264 5735 0.221229
IZU 14227 1643 0.984802
IZV 9563 3473 0.082430
IZW 7769 12004 0.608692
IZX 7633 6277 0.783898
IZY 2927 14486 0.142033
IZZ 11669 13816 0.532212
JAA 1546 3884 0.370159
JAB 8876 9335 0.487686
JAC 9254 1259 0.072146
JAD 6679 9730 0.401807
JAE 2947 13211 0.188116
JAF 10178 5590 0.866512
JAG 14504 803 0.310648
JAH 1304 977 0.037446
JAI 11338 8663 0.474349
JAJ 11747 11104 0.773247
JAK 3389 5527 0.055788
JAL 254 3742 0.509812
JAM 3854 12305 0.418653
JAN 28 6997 0.987915
JAO 2272 1505 0.369976
JAP 3250 49 0.297281
JAQ 160 9832 0.159825
JAR 7583 1969 0.718619
JAS 12557 9530 0.281808
JAT 8423 6325 0.659139
JAU 1318 2395 0.341960
JAV 3601 14473 0.713645
JAW 11309 13309 0.382183
JAX 11164 6572 0.666433
JAY 3970 8087 0.898770
JAZ 11719 5023 0.203833
JBA 230 13228 0.008087
JBB 4658 2309 0.360332
JBC 10118 8827 0.410504
JBD 10769 7685 0.393567
JBE 494 3104 0.608386
JBF 943 12947 0.005646
JBG 6871 13634 0.876827
JBH 1694 1364 0.719474
JBI 5915 12313 0.384686
JBJ 11591 14516 0.909299
JBK 14545 97 0.249245
JBL 1694 5741 0.595416
JBM 3562 4003 0.801508
JBN 4993 13214 0.771508
JBO 1252 6782 0.567431
JBP 799 13355 0.862606
JBQ 2092 299 0.059297
JBR 5035 13220 0.039460
JBS 2101 3127 0.042360
JBT 13948 14192 0.663442
JBU 7507 11686 0.124210
JBV 6857 13372 0.231239
JBW 5258 12218 0.930937
JBX 10393 2834 0.958007
JBY 851 3278 0.407910
JBZ 5762 2414 0.699362
JCA 12284 13061 0.544908
JCB 12485 1828 0.401898
JCC 1777 4337 0.692007
JCD 6071 4109 0.802606
JCE 7594 6808 0.238746
JCF 8372 14878 0.804193
JCG 13106 10985 0.389966
JCH 13360 14951 0.954711
JCI 47 12626 0.719596
JCJ 4822 3275 0.883877
JCK 2342 10532 0.741020
JCL 13480 14359 0.518723
JCM 4913 397 0.522874
JCN 8684 3394 0.544511
JCO 10834 12992 0.029084
JCP 10378 8470 0.015900
JCQ 12698 4973 0.998505
JCR 826 5627 0.384564
JCS 1495 10604 0.421186
JCT 1678 10460 0.617878
JCU 5518 13349 0.649709
JCV 5386 2167 0.663320
JCW 7718 10375 0.518479
JCX 8392 11299 0.390393
JCY 12352 319 0.169774
JCZ 3584 1712 0.440138
JDA 1658 1814 0.214026
JDB 10922 2855 0.258400
JDC 8182 7187 0.019501
JDD 4543 1045 0.106906
JDE 8771 11822 0.951262
JDF 6979 4825 0.159917
JDG 6728 14473 0.889431
JDH 14701 14780 0.031159
JDI 12560 12874 0.975799
JDJ 1099 4145 0.358592
JDK 8237 5260 0.890622
JDL 6419 9272 0.529801
JDM 14876 9110 0.676077
JDN 2920 9899 0.382916
JDO 13133 1072 0.817866
JDP 73 14057 0.891293
JDQ 637 2992 0.605152
JDR 1534 3155 0.561388
JDS 9440 8896 0.328593
JDT 7871 14812 0.665670
JDU 6382 13894 0.277657
JDV 8068 4132 0.621845
JDW 10690 12397 0.381848
JDX 9938 5953 0.940794
JDY 5098 9625 0.336497
JDZ 3637 7751 0.324320
JEA 8186 9682 0.780511
JEB 8624 5056 0.823572
JEC 6553 13853 0.182012
JED 5080 5575 0.595569
JEE 14914 8885 0.160985
JEF 1856 5980 0.845180
JEG 14713 1426 0.657796
JEH 11306 1175 0.134373
JEI 13528 1205 0.273995
JEJ 103 3262 0.508866
JEK 7532 8390 0.887143
JEL 3421 5530 0.956603
JEM 8086 2248 0.899716
JEN 10669 14872 0.698843
JEO 12856 8281 0.853389
JEP 10010 6403 0.847804
JEQ 5357 2687 0.241768
JER 8894 6721 0.169530
JES 5239 11218 0.818354
JET 6445 1303 0.193548
JEU 13654 6502 0.143620
JEV 9617 4402 0.833552
JEW 4796 4088 0.172155
JEX 2029 10432 0.154881
JEY 5029 8950 0.970550
JEZ 7214 397 0.067080
JFA 1763 2573 0.808802
JFB 5633 12143 0.658498
JFC 6350 1594 0.501633
JFD 9965 1547 0.752098
JFE 2575 4079 0.620441
JFF 2818 12800 0.169927
JFG 4975 11344 0.675405
JFH 1862 12386 0.272774
JFI 860 8249 0.204993
JFJ 4951 14203 0.719138
JFK 13882 2656 0.532395
JFL 3638 76 0.186865
JFM 12218 6499 0.380016
JFN 6844 6233 0.146031
JFO 857 2444 0.199042
JFP 1978 3233 0.788629
JFQ 14329 14018 0.597186
JFR 13985 1300 0.036348
JFS 3577 3376 0.256142
JFT 5222 2762 0.283578
JFU 1571 14762 0.850948
JFV 7090 742 0.314920
JFW 10079 973 0.335887
JFX 7916 12830 0.793451
JFY 10726 422 0.174841
JFZ 3836 5564 0.966460
JGA 2125 8386 0.291299
JGB 10114 9410 0.909604
JGC 7345 8959 0.319773
JGD 5711 2504 0.851741
JGE 380 4628 0.781426
JGF 2812 14476 0.014161
JGG 9712 10243 0.707236
JGH 8293 409 0.088443
JGI 12049 6466 0.616413
JGJ 14644 9751 0.087710
JGK 12779 11905 0.252235
JGL 9143 11006 0.965056
JGM 3265 12298 0.706259
JGN 5441 12458 0.221717
JGO 11440 13042 0.148686
JGP 11258 10987 0.856594
JGQ 2041 14282 0.956603
JGR 6614 358 0.554857
JGS 13675 4639 0.211493
JGT 14348 6064 0.111484
JGU 14702 8326 0.955535
JGV 10853 2555 0.852168
JGW 3277 3398 0.869259
JGX 217 8707 0.377514
JGY 7421 2819 0.795434
JGZ 10160 9928 0.445296
JHA 8264 604 0.400861
JHB 14596 8944 0.335856
JHC 12647 7856 0.872982
JHD 5440 6898 0.752861
JHE 1399 9256 0.510086
JHF 2545 11345 0.312662
JHG 302 13408 0.011658
JHH 6878 3391 0.099643
JHI 13912 7586 0.831904
JHJ 13001 2519 0.735649
JHK 7553 8399 0.750267
JHL 13994 12610 0.053499
JHM 5638 5834 0.463942
JHN 14668 14080 0.905667
JHO 1399 3887 0.140934
JHP 14677 1174 0.998321
JHQ 5122 9188 0.117405
JHR 8059 6293 0.051119
JHS 2008 2453 0.901120
JHT 13778 12268 0.162236
JHU 2614 5513 0.980621
JHV 1502 1988 0.134648
JHW 8420 11089 0.262368
JHX 8732 11542 0.819910
JHY 14992 1591 0.889340
JHZ 6998 7232 0.380139
JIA 10414 8062 0.360546
JIB 557 9062 0.886776
JIC 11086 13096 0.897427
JID 8660 3187 0.989593
JIE 1774 10216 0.510483
JIF 14237 12811 0.625172
JIG 4745 8078 0.841731
JIH 4460 2075 0.017823
JII 10817 7871 0.209174
JIJ 805 4465 0.680349
JIK 4148 6362 0.994690
JIL 14272 5408 0.874569
JIM 3637 9530 0.211676
JIN 1337 3923 0.165258
JIO 2380 13181 0.398755
JIP 1448 8761 0.421644
JIQ 4339 11129 0.522355
JIR 1633 9908 0.013001
JIS 13483 12784 0.976165
JIT 12625 13115 0.135258
JIU 3404 14558 0.646290
JIV 7723 9791 0.315561
JIW 11270 1939 0.007660
JIX 7135 3566 0.301065
JIY 10220 3421 0.944304
JIZ 1135 5897 0.867641
JJA 14692 8212 0.074557
JJB 10733 3826 0.711264
JJC 5744 4220 0.434919
JJD 4051 10768 0.634205
JJE 6028 488 0.056795
JJF 10103 8980 0.832545
JJG 4153 871 0.887570
JJH 13151 10985 0.360912
JJI 12230 1720 0.282022
JJJ 2656 9977 0.913327
JJK 2489 8177 0.550432
JJL 13168 14522 0.045564
JJM 3388 8543 0.418378
JJN 7441 10580 0.999237
JJO 617 2254 0.357006
JJP 9886 1463 0.489700
JJQ 4394 4042 0.205481
JJR 5812 6773 0.325694
JJS 2974 1087 0.954619
JJT 12730 14402 0.649068
JJU 433 14642 0.616749
JJV 5816 2281 0.055910
JJW 12730 10478 0.399182
JJX 3130 1870 0.001770
JJY 4864 5641 0.547288
JJZ 5129 8876 0.833674
JKA 12461 4702 0.859767
JKB 10 1148 0.652577
JKC 3542 14315 0.621052
JKD 313 13808 0.118870
JKE 13489 2758 0.176397
JKF 14156 6128 0.392254
JKG 4051 5645 0.210547
JKH 1645 7919 0.775658
JKI 13825 3653 0.615558
JKJ 4441 1838 0.431043
JKK 596 12695 0.263466
JKL 13643 3233 0.880612
JKM 14510 3614 0.666158
JKN 6380 245 0.024384
JKO 5476 8908 0.029633
JKP 3098 3265 0.220740
JKQ 1657 3986 0.220771
JKR 7087 1439 0.710227
JKS 13058 2347 0.282022
JKT 3965 1736 0.449751
JKU 4738 3182 0.985137
JKV 5098 8368 0.376019
JKW 1933 10706 0.125706
JKX 5666 9260 0.370922
JKY 2093 3688 0.459883
JKZ 8858 9043 0.875118
JLA 5467 2408 0.988586
JLB 12148 11725 0.316019
JLC 3844 14116 0.338511
JLD 8273 5237 0.410230
JLE 1540 4214 0.887143
JLF 1000 14987 0.088443
JLG 7508 3511 0.664876
JLH 13964 12458 0.403577
JLI 3116 10400 0.561785
JLJ 14507 8135 0.439833
JLK 9064 572 0.594256
JLL 172 6133 0.071810
JLM 11363 8434 0.574877
JLN 6935 3794 0.548265
JLO 7016 14029 0.101901
JLP 2882 4376 0.425062
JLQ 12218 3569 0.965209
JLR 2269 7141 0.467391
JLS 10127 4855 0.482223
JLT 3683 7552 0.908231
JLU 3959 497 0.553148
JLV 971 1951 0.015137
JLW 5914 10448 0.983123
JLX 5629 12455 0.403974
JLY 12337 8918 0.489975
JLZ 11588 13042 0.070315
JMA 14146 5390 0.418470
JMB 13691 11897 0.815607
JMC 5849 9184 0.144749
JMD 4127 2251 0.746330
JME 5927 4315 0.103244
JMF 12032 1174 0.948576
JMG 8831 5146 0.923185
JMH 12008 3503 0.410627
JMI 2917 13198 0.954375
JMJ 5843 10444 0.909970
JMK 8035 1126 0.111576
JML 7546 9016 0.018586
JMM 3728 9005 0.101413
JMN 13889 13445 0.744163
JMO 12668 13270 0.340373
JMP 460 6188 0.730552
JMQ 14167 12067 0.850917
JMR 596 5323 0.523301
JMS 1669 4159 0.760063
JMT 1946 2381 0.280770
JMU 68 8815 0.347789
JMV 3464 6271 0.612079
JMW 10070 6695 0.523972
JMX 4456 6287 0.067324
JMY 376 8254 0.777947
JMZ 13421 613 0.324595
JNA 9352 6737 0.671621
JNB 6514 2278 0.431043
JNC 2288 6646 0.455397
JND 3694 9734 0.693075
JNE 3755 12523 0.005890
JNF 4235 12133 0.093081
JNG 8162 3704 0.638264
JNH 2848 13309 0.566027
JNI 1298 10960 0.058260
JNJ 14885 3227 0.219214
JNK 2344 7922 0.416700
JNL 3973 11641 0.755913
JNM 6673 1363 0.735740
JNN 10786 2468 0.079775
JNO 1849 8887 0.517014
JNP 7852 14167 0.453871
JNQ 1462 109 0.742912
JNR 7931 11641 0.774224
JNS 4994 13879 0.365459
JNT 14435 6257 0.631062
JNU 11282 13384 0.373577
JNV 1886 1142 0.988800
JNW 12682 7543 0.255715
JNX 4135 6806 0.644887
JNY 7694 13205 0.764885
JNZ 2024 8564 0.256203
JOA 3121 13610 0.963408
JOB 6392 2927 0.769189
JOC 14728 12199 0.208136
JOD 6658 7336 0.685995
JOE 2143 6719 0.651662
JOF 2105 13375 0.867092
JOG 13457 4843 0.610401
JOH 12514 12658 0.634205
JOI 14047 3032 0.411786
JOJ 11446 1255 0.924833
JOK 13799 13966 0.699637
JOL 7957 175 0.281533
JOM 13535 1354 0.281961
JON 2888 9256 0.666097
JOO 4420 8627 0.068148
JOP 8338 4475 0.588244
JOQ 451 14140 0.088473
JOR 10061 3712 0.964904
JOS 9853 5255 0.647664
JOT 1843 5393 0.594684
JOU 12508 9140 0.952971
JOV 4543 8474 0.276101
JOW 5860 1004 0.709555
JOX 415 9097 0.536699
JOY 2272 5495 0.809320
JOZ 518 4705 0.802362
JPA 10300 2738 0.984375
JPB 14717 2152 0.743614
JPC 1765 8155 0.774255
JPD 14426 11626 0.615986
JPE 5690 379 0.994354
JPF 1855 14483 0.788751
JPG 6706 2071 0.714988
JPH 10526 9716 0.454787
JPI 14878 5045 0.192267
JPJ 4999 9626 0.860286
JPK 13975 5710 0.858028
JPL 8626 6875 0.410382
JPM 3301 2287 0.001068
JPN 11855 14695 0.821680
JPO 4004 13034 0.782739
JPP 7705 2512 0.227943
JPQ 4511 7285 0.347301
JPR 5174 11857 0.930326
JPS 4528 1663 0.643269
JPT 3218 6782 0.435896
JPU 4883 5896 0.782556
JPV 2519 8836 0.683157
JPW 6355 2266 0.963073
JPX 94 12319 0.024476
JPY 14878 5099 0.786676
JPZ 9911 7489 0.757866
JQA 6728 313 0.844996
JQB 4306 10826 0.892026
JQC 5401 2315 0.346202
JQD 2506 3269 0.518662
JQE 1069 4193 0.941496
JQF 6470 1723 0.777306
JQG 4163 713 0.402020
JQH 1166 2750 0.055300
JQI 5234 11852 0.028291
JQJ 6641 13675 0.897305
JQK 13741 12445 0.259743
JQL 14434 10384 0.223823
JQM 899 8293 0.525224
JQN 14990 10285 0.008423
JQO 12305 4277 0.557176
JQP 5275 2632 0.658284
JQQ 10994 2479 0.807947
JQR 5105 10000 0.110538
JQS 7745 5204 0.881527
JQT 1669 4706 0.221656
JQU 9514 3905 0.654866
JQV 1555 5570 0.512375
JQW 2735 506 0.631275
JQX 434 3707 0.865352
JQY 13670 5506 0.672140
JQZ 3082 4171 0.476730
JRA 35 13435 0.215857
JRB 6323 2260 0.365062
JRC 4949 3731 0.041169
JRD 2524 9056 0.164892
JRE 2968 14011 0.186712
JRF 11005 10039 0.903043
JRG 2164 11314 0.432051
JRH 8758 4075 0.098209
JRI 13630 260 0.393902
JRJ 5959 2449 0.964080
JRK 2284 14137 0.426801
JRL 1127 12752 0.856471
JRM 422 2377 0.762017
JRN 8116 4148 0.515458
JRO 6881 5830 0.295999
JRP 14944 13087 0.230811
JRQ 12611 4820 0.778680
JRR 6244 3764 0.938200
JRS 7865 11884 0.472945
JRT 4174 6634 0.550981
JRU 6907 8777 0.289865
JRV 12103 7751 0.679342
JRW 12535 133 0.568529
JRX 7663 12869 0.404828
JRY 14179 4990 0.695761
JRZ 2486 11263 0.093753
JSA 5869 8416 0.271096
JSB 9040 5860 0.469222
JSC 877 1585 0.140202
JSD 7958 6622 0.443800
JSE 10157 13855 0.974731
JSF 5804 3404 0.671194
JSG 9904 3869 0.788781
JSH 5432 5495 0.526353
JSI 3974 14632 0.479781
JSJ 1064 12946 0.397595
JSK 11839 12490 0.787927
JSL 12503 7007 0.895199
JSM 2282 2843 0.609485
JSN 12752 4766 0.972686
JSO 6778 7259 0.999817
JSP 83 13031 0.148015
JSQ 2212 13 0.086276
JSR 9437 6511 0.121616
JSS 8878 4333 0.106082
JST 2123 238 0.246834
JSU 10459 13141 0.511643
JSV 13426 1229 0.639698
JSW 12440 1496 0.174780
JSX 1321 11078 0.339763
JSY 1766 6284 0.793268
JSZ 1966 14041 0.984558
JTA 4978 14816 0.283731
JTB 13931 10667 0.054109
JTC 10352 4421 0.863186
JTD 6493 1001 0.011658
JTE 2666 10846 0.294168
JTF 9089 3584 0.728690
JTG 10361 2315 0.030610
JTH 4012 7928 0.570940
JTI 2833 10775 0.368938
JTJ 10790 7487 0.554155
JTK 9002 1931 0.813562
JTL 7003 12700 0.183081
JTM 2198 5942 0.328166
JTN 2236 8999 0.090548
JTO 2410 6590 0.592151
JTP 9697 1367 0.515366
JTQ 3920 1726 0.436781
JTR 9761 12496 0.130528
JTS 8824 12304 0.928800
JTT 14287 12388 0.874416
JTU 2903 3451 0.717399
JTV 130 13669 0.376934
JTW 11686 8629 0.897244
JTX 11614 8378 0.435804
JTY 3290 4723 0.382244
JTZ 8567 3439 0.903531
JUA 1388 10324 0.265786
JUB 9323 7327 0.428358
JUC 13504 10114 0.478225
JUD 2104 10184 0.867794
JUE 6400 5447 0.877560
JUF 14981 3598 0.992462
JUG 6773 9349 0.338267
JUH 8873 593 0.444472
JUI 3715 1099 0.071505
JUJ 1631 11150 0.930937
JUK 14263 6395 0.933378
JUL 1354 2300 0.448500
JUM 8218 9328 0.488876
JUN 13892 6292 0.071169
JUO 1372 9104 0.718619
JUP 1645 11714 0.616016
JUQ 4337 2507 0.107242
JUR 13075 5671 0.457472
JUS 8153 14503 0.067202
JUT 10066 3883 0.012482
JUU 9626 14203 0.847774
JUV 2755 5821 0.092074
JUW 10591 6136 0.885983
JUX 7808 1675 0.536637
JUY 1040 2197 0.597674
JUZ 434 116 0.443892
JVA 12748 1786 0.506394
JVB 14752 11119 0.988495
JVC 9479 13169 0.993194
JVD 5674 7853 0.443312
JVE 4667 3220 0.444777
JVF 6653 1309 0.670797
JVG 8362 9776 0.805292
JVH 13951 13534 0.182531
JVI 11303 4432 0.125217
JVJ 274 7046 0.992706
JVK 12562 4609 0.273385
JVL 6029 11365 0.039338
JVM 14800 2561 0.159307
JVN 2173 6964 0.043489
JVO 5161 12715 0.229469
JVP 9650 12923 0.443525
JVQ 6091 3913 0.276162
JVR 1706 4445 0.606464
JVS 3365 13696 0.357494
JVT 602 11281 0.004822
JVU 9053 10744 0.496597
JVV 6215 13243 0.580340
JVW 6110 10145 0.430830
JVX 10258 11321 0.220679
JVY 10837 1366 0.645283
JVZ 9805 2662 0.278298
JWA 11239 10888 0.872311
JWB 12289 11078 0.483077
JWC 1334 4133 0.794397
JWD 3799 14854 0.572192
JWE 1454 10117 0.480209
JWF 4810 7372 0.602710
JWG 1426 3019 0.732780
JWH 1000 10240 0.351482
JWI 5516 8939 0.663961
JWJ 4903 10255 0.569658
JWK 6280 7733 0.054109
JWL 257 2474 0.265236
JWM 887 13142 0.033204
JWN 14317 1549 0.769158
JWO 9017 14317 0.958312
JWP 2611 1580 0.216193
JWQ 13136 4526 0.684652
JWR 10645 14218 0.371014
JWS 10519 3637 0.358928
JWT 443 8503 0.575579
JWU 8896 6064 0.029145
JWV 14506 14705 0.111759
JWW 412 938 0.391644
JWX 2672 11855 0.587054
JWY 1813 5185 0.504410
JWZ 5483 4046 0.188055
JXA 6548 14794 0.916532
JXB 10712 2846 0.929319
JXC 14236 10267 0.015412
JXD 5473 13199 0.480270
JXE 11846 5302 0.108066
JXF 8282 5105 0.905301
JXG 704 9739 0.447798
JXH 9005 5272 0.824763
JXI 3740 8212 0.727256
JXJ 7106 12563 0.227210
JXK 5951 4516 0.096652
JXL 10862 6425 0.553728
JXM 1733 8170 0.168706
JXN 6023 3149 0.866146
JXO 3503 919 0.355571
JXP 10394 2560 0.021638
JXQ 3650 14317 0.877071
JXR 11230 5699 0.934629
JXS 983 13856 0.508896
JXT 13957 1769 0.336436
JXU 14962 1595 0.226234
JXV 9296 112 0.071291
JXW 551 11476 0.971465
JXX 7166 4847 0.014588
JXY 11797 14986 0.455397
JXZ 13273 5006 0.296304
JYA 14093 5495 0.818995
JYB 1690 6886 0.779138
JYC 12163 12820 0.755211
JYD 9326 2774 0.806116
JYE 6574 3989 0.953825
JYF 8533 9005 0.218299
JYG 10931 8498 0.098239
JYH 173 4823 0.676382
JYI 3601 10084 0.748589
JYJ 13879 1091 0.525071
JYK 5456 1195 0.907468
JYL 3181 788 0.942015
JYM 3572 11824 0.512467
JYN 575 652 0.034822
JYO 10955 10700 0.155980
JYP 8383 1319 0.022889
JYQ 12839 1489 0.623493
JYR 14431 8327 0.781121
JYS 2450 10219 0.992737
JYT 14522 5912 0.963836
JYU 6695 3761 0.670339
JYV 8501 4174 0.787317
JYW 7951 14795 0.486587
JYX 6943 821 0.457991
JYY 3095 364 0.447920
JYZ 2948 12527 0.313761
JZA 9374 3362 0.584094
JZB 13909 2915 0.122135
JZC 11777 13012 0.150121
JZD 10892 67 0.778466
JZE 454 6404 0.873348
JZF 4072 5560 0.992615
JZG 5738 5453 0.603565
JZH 3232 1093 0.570391
JZI 2360 14321 0.248360
JZJ 3538 5248 0.710623
JZK 14444 1675 0.886105
JZL 9160 8939 0.474227
JZM 3232 13181 0.067873
JZN 913 10306 0.366161
JZO 1598 3511 0.173894
JZP 11318 13484 0.925169
JZQ 12775 5039 0.901608
JZR 5672 4841 0.468337
JZS 10783 8729 0.160802
JZT 3233 14440 0.812342
JZU 12623 1318 0.458296
JZV 14647 2014 0.011750
JZW 2090 3829 0.893521
JZX 8734 12824 0.050233
JZY 10886 2410 0.789544
JZZ 2987 6857 0.107212
KAA 7037 5095 0.366802
KAB 14239 12013 0.635945
KAC 67 8296 0.361950
KAD 6898 6115 0.145695
KAE 13331 4595 0.722098
KAF 2903 10003 0.411878
KAG 11776 2060 0.093112
KAH 5974 12523 0.964232
KAI 10876 2212 0.393292
KAJ 14086 2506 0.252174
KAK 9718 2528 0.943510
KAL 1774 6166 0.982513
KAM 12091 8780 0.043764
KAN 7693 6890 0.891537
KAO 1300 4711 0.159001
KAP 13877 2030 0.778863
KAQ 10916 3628 0.637928
KAR 5435 14899 0.115696
KAS 11732 7 0.757836
KAT 13160 9803 0.074648
KAU 8050 6256 0.491409
KAV 9323 7643 0.531816
KAW 5135 9794 0.354869
KAX 6940 11350 0.595355
KAY 8668 5867 0.643544
KAZ 8567 4672 0.637471
KBA 13102 1313 0.918119
KBB 14198 10676 0.777551
KBC 7796 10276 0.395703
KBD 3527 4210 0.407727
KBE 3724 2492 0.550035
KBF 9616 712 0.790185
KBG 13567 2218 0.359752
KBH 2032 12959 0.118076
KBI 10681 8867 0.888668
KBJ 1963 11776 0.839259
KBK 8615 12644 0.859493
KBL 2818 2462 0.622730
KBM 11071 1157 0.220862
KBN 6719 3724 0.224250
KBO 10603 11822 0.029786
KBP 9269 604 0.806574
KBQ 6770 10379 0.902982
KBR 12439 1270 0.115390
KBS 622 7570 0.456771
KBT 9326 4993 0.429823
KBU 12812 2674 0.181219
KBV 9014 2375 0.520341
KBW 2720 9910 0.702261
KBX 14840 8755 0.083926
KBY 13669 8371 0.006684
KBZ 7576 13958 0.408979
KCA 287 9884 0.557268
KCB 8504 1990 0.477615
KCC 4003 11222 0.938017
KCD 9104 8348 0.465377
KCE 2254 11627 0.367626
KCF 12581 9352 0.771691
KCG 10697 3478 0.725578
KCH 7555 3557 0.435224
KCI 712 6275 0.275369
KCJ 7558 3016 0.181433
KCK 3632 10931 0.671529
KCL 1850 2011 0.537889
KCM 4864 2104 0.720237
KCN 9119 13868 0.565508
KCO 1885 10405 0.358409
KCP 5132 8986 0.911496
KCQ 4991 4937 0.044404
KCR 1529 12721 0.219489
KCS 14683 5321 0.841090
KCT 7468 1105 0.560167
KCU 10802 2569 0.544786
KCV 10927 6929 0.593799
KCW 6046 12662 0.895077
KCX 6797 2233 0.771935
KCY 9524 13160 0.815973
KCZ 3920 4055 0.153783
KDA 10100 3851 0.415326
KDB 169 4397 0.475845
KDC 287 12709 0.728233
KDD 12670 11492 0.101291
KDE 7685 12509 0.559374
KDF 9490 5335 0.507614
KDG 13913 12752 0.883969
KDH 8468 2032 0.176397
KDI 11074 5351 0.727836
KDJ 3538 13585 0.251991
KDK 2810 14069 0.896359
KDL 3239 11450 0.257729
KDM 1822 6286 0.977203
KDN 2360 9589 0.631092
KDO 1564 3215 0.333995
KDP 10352 14318 0.980590
KDQ 6805 3548 0.957457
KDR 11384 1693 0.906705
KDS 4052 3851 0.675558
KDT 8848 11557 0.091220
KDU 8875 4183 0.969268
KDV 9076 755 0.266427
KDW 8470 6064 0.117496
KDX 1951 9827 0.756584
KDY 1027 8636 0.233833
KDZ 14641 13966 0.661214
KEA 14 8998 0.579577
KEB 6350 709 0.547166
KEC 934 11167 0.969359
KED 6101 6406 0.863979
KEE 5357 11141 0.750969
KEF 6344 12271 0.313150
KEG 8200 1 0.367962
KEH 1199 2708 0.217383
KEI 5282 9731 0.521256
KEJ 7022 2462 0.671499
KEK 9683 9890 0.066958
KEL 8906 9938 0.040162
KEM 2047 6614 0.640156
KEN 2050 364 0.323252
KEO 3172 14321 0.207526
KEP 862 455 0.160070
KEQ 8693 76 0.949126
KER 5465 5606 0.919584
KES 10993 1445 0.675588
KET 5081 5384 0.542558
KEU 6041 1730 0.029328
KEV 8729 11128 0.695425
KEW 2120 1427 0.617481
KEX 10004 10498 0.484298
KEY 2192 3778 0.609210
KEZ 677 14510 0.589618
KFA 800 2165 0.825434
KFB 1133 320 0.339366
KFC 2578 13250 0.575549
KFD 10145 683 0.069735
KFE 12041 12146 0.085360
KFF 13057 7256 0.247810
KFG 3017 11180 0.931822
KFH 2248 289 0.381298
KFI 10381 10825 0.081576
KFJ 8732 12121 0.834590
KFK 4642 10499 0.547655
KFL 455 3229 0.438917
KFM 14828 11536 0.951933
KFN 10127 2480 0.348247
KFO 10615 12511 0.043031
KFP 3718 12586 0.079409
KFQ 6209 3671 0.086825
KFR 5504 3995 0.207648
KFS 6073 14932 0.650807
KFT 6925 1585 0.894467
KFU 1504 7234 0.266518
KFV 13400 4613 0.425642
KFW 259 7052 0.401746
KFX 10295 10573 0.362438
KFY 13285 1352 0.729728
KFZ 1859 13538 0.878445
KGA 10654 4160 0.475417
KGB 14437 12611 0.497696
KGC 11983 70 0.267617
KGD 7900 4726 0.889584
KGE 13190 13630 0.061068
KGF 1874 10333 0.736106
KGG 9064 2852 0.937437
KGH 1619 6902 0.096896
KGI 9956 10430 0.571612
KGJ 6250 973 0.275887
KGK 3194 8855 0.488205
KGL 89 12331 0.071657
KGM 14138 7156 0.555315
KGN 3983 5683 0.592029
KGO 8983 9802 0.093875
KGP 7742 8779 0.658193
KGQ 3023 5320 0.148198
KGR 1652 1756 0.343364
KGS 380 7433 0.486312
KGT 8459 2839 0.502976
KGU 12887 12250 0.411481
KGV 9776 1147 0.391217
KGW 13523 2693 0.082614
KGX 6083 12262 0.742210
KGY 14893 14651 0.397137
KGZ 4001 12376 0.147588
KHA 800 994 0.200446
KHB 11116 3965 0.316050
KHC 799 4529 0.286142
KHD 4877 5075 0.972808
KHE 14422 13241 0.954772
KHF 14354 6871 0.878658
KHG 6029 4640 0.442518
KHH 4063 1714 0.840236
KHI 14777 8629 0.930113
KHJ 4507 3782 0.772668
KHK 12196 1525 0.727134
KHL 4126 2444 0.987579
KHM 11479 2128 0.221992
KHN 6370 12400 0.036805
KHO 2371 3328 0.915067
KHP 1943 8378 0.773217
KHQ 1787 7033 0.941191
KHR 14053 2801 0.915799
KHS 3938 4643 0.560198
KHT 2185 11023 0.456435
KHU 1048 3643 0.774560
KHV 10006 1771 0.840388
KHW 11960 2239 0.150975
KHX 3562 6379 0.119999
KHY 13780 11180 0.696493
KHZ 13561 13466 0.347270
KIA 14947 3128 0.900754
KIB 10786 11552 0.454299
KIC 7687 9035 0.424207
KID 3820 4631 0.907254
KIE 679 7730 0.016541
KIF 1573 662 0.621479
KIG 11777 12775 0.711234
KIH 14830 12827 0.129887
KII 3149 1712 0.790613
KIJ 13319 5350 0.918394
KIK 11536 10127 0.072176
KIL 505 4187 0.314493
KIM 5306 9850 0.357128
KIN 11581 14233 0.457137
KIO 14119 13223 0.033357
KIP 11812 6023 0.814936
KIQ 3901 9403 0.459700
KIR 4466 3385 0.581988
KIS 1504 8260 0.502121
KIT 3350 12241 0.188147
KIU 4097 7673 0.071413
KIV 10436 7675 0.241188
KIW 4495 13600 0.349284
KIX 11665 12929 0.594348
KIY 6679 3487 0.212806
KIZ 13594 409 0.032929
KJA 2381 8587 0.798151
KJB 12920 4165 0.417982
KJC 9580 3835 0.810633
KJD 5498 11011 0.143559
KJE 10784 5674 0.714042
KJF 4586 10543 0.578204
KJG 26 8153 0.941252
KJH 14294 2171 0.897397
KJI 1166 458 0.387707
KJJ 3163 2066 0.497452
KJK 11417 7069 0.302805
KJL 224 2216 0.136174
KJM 14528 10862 0.906980
KJN 7153 12013 0.197027
KJO 10537 2477 0.259560
KJP 2537 55 0.148167
KJQ 14864 2318 0.709647
KJR 2923 4514 0.488449
KJS 4900 11573 0.302042
KJT 1648 8900 0.363842
KJU 3755 232 0.412152
KJV 7748 7906 0.729087
KJW 14237 3026 0.267312
KJX 1804 3205 0.538652
KJY 6463 13508 0.507096
KJZ 11893 1229 0.111209
KKA 11834 7688 0.162542
KKB 13931 4871 0.640461
KKC 8978 9898 0.023774
KKD 3041 5837 0.952818
KKE 13708 745 0.935820
KKF 8603 10451 0.161077
KKG 2650 12403 0.745476
KKH 1856 13402 0.959197
KKI 2275 6088 0.038026
KKJ 12469 7507 0.070070
KKK 10676 10777 0.076754
KKL 11549 10810 0.924070
KKM 10909 14998 0.119663
KKN 658 11347 0.130284
KKO 11230 12113 0.155492
KKP 1628 4819 0.838771
KKQ 5915 3965 0.705863
KKR 3017 1594 0.793054
KKS 976 11345 0.302103
KKT 2402 12044 0.878506
KKU 10735 9523 0.193762
KKV 3865 4517 0.392376
KKW 6898 8351 0.401074
KKX 1438 1168 0.234230
KKY 2035 3292 0.016236
KKZ 461 12295 0.856990
KLA 13504 3841 0.307382
KLB 8647 1453 0.258980
KLC 4528 6985 0.314798
KLD 400 5230 0.658132
KLE 1024 3365 0.872372
KLF 13456 2611 0.897580
KLG 6493 8447 0.966521
KLH 5411 13829 0.213019
KLI 1423 10076 0.682241
KLJ 5089 5297 0.867885
KLK 11764 607 0.307993
KLL 7027 1037 0.461715
KLM 7169 8554 0.103580
KLN 10163 2065 0.563311
KLO 12259 6685 0.400342
KLP 3556 3868 0.836818
KLQ 10420 4156 0.728843
KLR 7102 3262 0.144292
KLS 10763 1858 0.178930
KLT 14648 14080 0.344279
KLU 5707 3137 0.816187
KLV 1318 4213 0.788354
KLW 3790 664 0.331858
KLX 13612 3653 0.974609
KLY 11572 7277 0.817316
KLZ 14989 6550 0.566668
KMA 1907 13525 0.250221
KMB 2287 4874 0.162481
KMC 9082 14152 0.586688
KMD 10462 8537 0.916837
KME 13909 11129 0.895016
KMF 1601 12239 0.514389
KMG 3323 13505 0.366314
KMH 937 13483 0.179785
KMI 10643 14689 0.923154
KMJ 4775 9448 0.522202
KMK 8720 5707 0.139683
KML 14173 3244 0.169988
KMM 5554 124 0.917661
KMN 10999 5497 0.482009
KMO 5699 9392 0.448408
KMP 3877 11489 0.247505
KMQ 6286 6083 0.064486
KMR 1486 7864 0.336955
KMS 8512 13730 0.265786
KMT 1708 8804 0.860988
KMU 13408 1793 0.120914
KMV 5987 1883 0.662221
KMW 14660 8741 0.020508
KMX 10598 847 0.029756
KMY 9850 3211 0.018220
KMZ 9694 9496 0.511673
KNA 6376 3449 0.364666
KNB 1547 11710 0.734642
KNC 3782 5266 0.943297
KND 12293 9584 0.344646
KNE 4450 280 0.779473
KNF 3574 8959 0.685080
KNG 14306 10681 0.242134
KNH 2210 7235 0.751213
KNI 4267 11332 0.612903
KNJ 11621 7841 0.432508
KNK 5230 2915 0.989837
KNL 4337 6943 0.195227
KNM 850 10636 0.642415
KNN 6901 13073 0.297891
KNO 3841 14224 0.569720
KNP 8872 9967 0.493881
KNQ 8731 2401 0.757073
KNR 14846 11734 0.082553
KNS 4015 2986 0.106510
KNT 9202 6214 0.251930
KNU 4204 10069 0.852351
KNV 9808 3547 0.030915
KNW 8947 14860 0.096683
KNX 6557 11600 0.970153
KNY 5659 5312 0.531663
KNZ 10031 2410 0.014039
KOA 3718 1750 0.079409
KOB 6071 2884 0.046052
KOC 5720 9428 0.708457
KOD 643 3770 0.402417
KOE 11279 9901 0.692923
KOF 10334 8381 0.386212
KOG 3121 5260 0.702048
KOH 4607 3992 0.597308
KOI 5449 6815 0.958831
KOJ 8335 31 0.848354
KOK 5420 8171 0.921751
KOL 1913 13258 0.688620
KOM 11030 163 0.138981
KON 6692 7676 0.232521
KOO 14257 8039 0.732414
KOP 8674 11284 0.208747
KOQ 3128 14878 0.008484
KOR 1166 5011 0.039857
KOS 13940 9452 0.595386
KOT 2312 12401 0.450972
KOU 6622 3344 0.887997
KOV 11981 12557 0.717490
KOW 1645 9397 0.078768
KOX 106 299 0.320566
KOY 1840 4852 0.279977
KOZ 1760 1015 0.608448
KPA 10313 6284 0.830287
KPB 9143 7856 0.188574
KPC 11816 140 0.452162
KPD 392 4579 0.325907
KPE 6542 3062 0.106998
KPF 802 11044 0.715629
KPG 1151 11219 0.811762
KPH 10804 11900 0.769402
KPI 14452 2219 0.955473
KPJ 937 6187 0.115574
KPK 5245 746 0.414716
KPL 11375 647 0.502762
KPM 7234 709 0.635701
KPN 11614 3728 0.827326
KPO 9161 9451 0.453444
KPP 12551 1117 0.711905
KPQ 7127 5642 0.383496
KPR 4618 7387 0.063326
KPS 2270 1661 0.066530
KPT 4060 3089 0.461653
KPU 3112 13960 0.104099
KPV 10894 11293 0.204291
KPW 12251 35 0.315012
KPX 9431 10439 0.469955
KPY 6442 2743 0.091189
KPZ 2950 10906 0.507859
KQA 182 1936 0.667806
KQB 2813 2114 0.118503
KQC 1151 7480 0.365276
KQD 2555 3752 0.100589
KQE 3959 12790 0.841090
KQF 254 11179 0.918485
KQG 13483 7481 0.724815
KQH 7390 8063 0.722221
KQI 2354 10559 0.334758
KQJ 7336 3250 0.150029
KQK 2195 10739 0.103885
KQL 9358 14702 0.190130
KQM 5339 4030 0.510025
KQN 13717 10198 0.894467
KQO 4387 926 0.330607
KQP 2732 12812 0.053743
KQQ 641 2545 0.551561
KQR 6274 7015 0.177465
KQS 4808 10928 0.879238
KQT 7510 7115 0.406781
KQU 13564 4018 0.158330
KQV 7288 10118 0.442976
KQW 1592 6892 0.710471
KQX 13091 7391 0.326548
KQY 12755 11998 0.306742
KQZ 8746 14485 0.075076
KRA 3845 6158 0.793237
KRB 535 7978 0.909146
KRC 5512 3113 0.929655
KRD 3007 7616 0.188360
KRE 9877 3647 0.402051
KRF 12235 6127 0.368725
KRG 8654 5402 0.855190
KRH 7033 5191 0.403790
KRI 8201 671 0.783349
KRJ 4469 2977 0.170385
KRK 5276 3965 0.849147
KRL 2800 4219 0.830256
KRM 12451 67 0.284646
KRN 6001 11761 0.664724
KRO 12563 1970 0.104617
KRP 4459 14036 0.969695
KRQ 913 12874 0.540635
KRR 1561 11909 0.193121
KRS 10027 5803 0.022645
KRT 5726 11134 0.764733
KRU 43 8777 0.809320
KRV 8224 14012 0.132694
KRW 8446 9307 0.627552
KRX 7909 12329 0.507797
KRY 3344 5282 0.052553
KRZ 12752 3028 0.849178
KSA 1507 7304 0.460952
KSB 13127 7247 0.830348
KSC 7666 7226 0.854488
KSD 7139 5722 0.026887
KSE 13459 3512 0.297830
KSF 3845 14542 0.490555
KSG 28 1546 0.771203
KSH 10367 6581 0.344493
KSI 8339 13082 0.528916
KSJ 8999 10472 0.179205
KSK 10147 14722 0.206458
KSL 9443 8707 0.964995
KSM 8168 7970 0.552416
KSN 5575 12464 0.061312
KSO 2695 2833 0.405957
KSP 12796 1538 0.809046
KSQ 1504 13094 0.019715
KSR 4897 7196 0.273202
KSS 5335 7403 0.664876
KST 12284 2956 0.080325
KSU 5690 8200 0.278085
KSV 1636 10019 0.093173
KSW 4937 1294 0.341746
KSX 10397 8870 0.011475
KSY 13931 1406 0.854244
KSZ 2588 10064 0.004975
KTA 2006 8504 0.773095
KTB 2161 6557 0.299417
KTC 13336 478 0.323160
KTD 1961 8947 0.372387
KTE 8443 14671 0.681784
KTF 5777 13871 0.199164
KTG 11572 3649 0.404981
KTH 488 2258 0.944060
KTI 2728 13066 0.173711
KTJ 814 14630 0.744194
KTK 13201 7367 0.634327
KTL 11017 6749 0.907010
KTM 14183 10259 0.915708
KTN 5293 3421 0.062899
KTO 3586 14860 0.445540
KTP 4360 13333 0.707877
KTQ 9133 4634 0.589099
KTR 10642 5698 0.259285
KTS 6946 2692 0.018067
KTT 3872 4579 0.360424
KTU 937 14357 0.212378
KTV 14156 14831 0.826868
KTW 4175 10835 0.724723
KTX 3583 1715 0.458022
KTY 8777 14815 0.426740
KTZ 2035 8756 0.064547
KUA 368 1900 0.527757
KUB 11551 3404 0.610157
KUC 1226 12755 0.338084
KUD 14377 8620 0.463332
KUE 8279 3259 0.165716
KUF 9139 281 0.521226
KUG 5155 2255 0.009796
KUH 3539 8627 0.532243
KUI 2074 12716 0.475082
KUJ 230 2495 0.431135
KUK 8815 4834 0.199286
KUL 8846 3031 0.032655
KUM 10699 3335 0.690420
KUN 1327 4453 0.135441
KUO 5990 11942 0.432569
KUP 1567 11930 0.089480
KUQ 14585 8551 0.066866
KUR 12272 12025 0.304636
KUS 2789 3130 0.010651
KUT 731 6641 0.148045
KUU 3311 10064 0.668630
KUV 8419 1763 0.320994
KUW 12250 4861 0.040925
KUX 3604 3952 0.245491
KUY 4448 7292 0.666952
KUZ 932 3842 0.351604
KVA 9038 9724 0.088107
KVB 6451 5932 0.565355
KVC 3943 10402 0.992157
KVD 1579 1466 0.876675
KVE 6254 3737 0.537767
KVF 10208 1067 0.744041
KVG 3931 6245 0.682485
KVH 2152 3059 0.391369
KVI 3229 8008 0.266701
KVJ 9982 13571 0.898038
KVK 12574 13028 0.774194
KVL 14207 4619 0.500717
KVM 10433 14140 0.713584
KVN 1450 13202 0.840663
KVO 10123 3964 0.076144
KVP 2317 6115 0.125217
KVQ 10423 5591 0.943693
KVR 8890 4121 0.456893
KVS 796 3353 0.673452
KVT 10829 14371 0.037111
KVU 6043 9196 0.801752
KVV 6095 10231 0.705161
KVW 13063 10028 0.502579
KVX 2344 9644 0.445021
KVY 3728 4216 0.746269
KVZ 77 10378 0.214942
KWA 6998 11261 0.843348
KWB 1196 1717 0.846492
KWC 13438 12989 0.459212
KWD 6196 1730 0.948820
KWE 3827 12472 0.070040
KWF 9412 11681 0.866726
KWG 9515 7399 0.824885
KWH 14794 1445 0.897397
KWI 3122 10100 0.506333
KWJ 3146 12991 0.302286
KWK 3922 11719 0.371776
KWL 14402 7360 0.276772
KWM 6646 10685 0.727409
KWN 12499 1123 0.089022
KWO 808 1028 0.770928
KWP 3370 3814 0.196203
KWQ 2128 13330 0.153050
KWR 4003 461 0.411969
KWS 8930 223 0.484695
KWT 8384 520 0.265419
KWU 8332 4376 0.275613
KWV 12244 5368 0.677084
KWW 13183 755 0.159795
KWX 6665 6739 0.110202
KWY 7891 787 0.366466
KWZ 8179 12944 0.562853
KXA 7456 6278 0.858089
KXB 11200 13556 0.264748
KXC 14479 1132 0.004547
KXD 4619 3002 0.870785
KXE 3836 10720 0.718955
KXF 1400 3986 0.409864
KXG 4100 13567 0.271249
KXH 944 12845 0.393414
KXI 3467 7721 0.147343
KXJ 6383 6244 0.425550
KXK 14483 3601 0.954711
KXL 12238 11189 0.518693
KXM 2137 8234 0.120670
KXN 11431 9806 0.226966
KXO 2300 5792 0.607898
KXP 1627 14918 0.789392
KXQ 7313 8267 0.708762
KXR 613 8206 0.851955
KXS 10780 1888 0.803858
KXT 13612 1402 0.136418
KXU 5231 7334 0.400281
KXV 14519 9578 0.769707
KXW 2228 3476 0.431959
KXX 2972 1424 0.004700
KXY 6101 2686 0.329814
KXZ 236 13070 0.878628
KYA 14642 3692 0.378887
KYB 2686 4180 0.090274
KYC 8420 8219 0.998871
KYD 1753 8156 0.162358
KYE 9674 3662 0.438246
KYF 2482 10649 0.907712
KYG 3331 4906 0.584765
KYH 11225 722 0.473128
KYI 11765 8320 0.792383
KYJ 4447 11314 0.905972
KYK 509 8929 0.431410
KYL 12439 3653 0.410230
KYM 2431 12191 0.910123
KYN 1601 6892 0.352214
KYO 6638 562 0.815119
KYP 8833 1112 0.763451
KYQ 355 1573 0.204443
KYR 14293 9578 0.701895
KYS 14782 14617 0.579791
KYT 8278 12979 0.489395
KYU 9580 8434 0.293619
KYV 8501 7114 0.673635
KYW 1247 4003 0.735008
KYX 12386 8126 0.690054
KYY 12388 7802 0.209449
KYZ 5167 8513 0.748192
KZA 2566 7282 0.610584
KZB 2236 3013 0.561663
KZC 4820 12880 0.396771
KZD 8701 1522 0.309946
KZE 4241 14822 0.661733
KZF 2146 8147 0.783441
KZG 5690 6412 0.847591
KZH 10735 8899 0.149846
KZI 562 10712 0.518143
KZJ 3403 877 0.314249
KZK 7960 6713 0.213691
KZL 10142 9200 0.548051
KZM 1142 9602 0.371197
KZN 617 14416 0.066347
KZO 5702 3574 0.241707
KZP 2438 2908 0.655751
KZQ 10945 12509 0.292581
KZR 13910 3247 0.424848
KZS 1373 10748 0.373943
KZT 2800 137 0.394482
KZU 14083 7436 0.578478
KZV 10006 8908 0.081332
KZW 10772 12712 0.859127
KZX 8269 14876 0.591845
KZY 973 11321 0.712699
KZZ 1073 7303 0.151250
LAA 12178 3227 0.216620
LAB 9337 12295 0.571947
LAC 13313 8201 0.043031
LAD 14216 13904 0.042756
LAE 11215 1897 0.398053
LAF 14560 6199 0.920133
LAG 287 308 0.763939
LAH 5843 6398 0.046388
LAI 125 11050 0.489669
LAJ 14555 5156 0.639973
LAK 5017 13577 0.299539
LAL 5195 2753 0.114414
LAM 2656 10774 0.299661
LAN 12137 3385 0.421888
LAO 2987 7504 0.681356
LAP 4693 1687 0.798059
LAQ 5375 13070 0.674062
LAR 13340 9859 0.241371
LAS 2654 1852 0.013031
LAT 12218 10511 0.811823
LAU 10006 11000 0.884610
LAV 10318 6934 0.006592
LAW 9593 4121 0.617664
LAX 11201 163 0.193640
LAY 3680 12944 0.933012
LAZ 1547 8411 0.473128
LBA 1310 8774 0.959624
LBB 3914 5308 0.529405
LBC 11309 10556 0.114658
LBD 10426 10079 0.145299
LBE 12251 12110 0.936155
LBF 10229 13408 0.210334
LBG 8980 5474 0.686178
LBH 3686 14416 0.382519
LBI 9538 12860 0.631672
LBJ 13147 8726 0.193030
LBK 10706 12310 0.979766
LBL 3691 9014 0.429334
LBM 10672 14839 0.128574
LBN 944 550 0.229591
LBO 874 14197 0.809015
LBP 2041 9583 0.588275
LBQ 6928 14470 0.468612
LBR 2174 3692 0.037355
LBS 9655 12226 0.509293
LBT 2060 10618 0.253822
LBU 1334 6095 0.358287
LBV 12521 3448 0.377148
LBW 5365 13507 0.456709
LBX 4097 9277 0.026582
LBY 11551 4250 0.712210
LBZ 8120 12901 0.508011
LCA 1240 11077 0.409192
LCB 4313 4204 0.626301
LCC 9860 8809 0.628040
LCD 8525 7781 0.987945
LCE 10370 5041 0.513779
LCF 11393 4630 0.822291
LCG 4811 8570 0.886990
LCH 7969 6548 0.288980
LCI 12082 1622 0.323466
LCJ 1528 8999 0.100345
LCK 6652 676 0.573107
LCL 14135 2146 0.195685
LCM 1294 6329 0.667898
LCN 6037 3676 0.284860
LCO 325 325 0.905881
LCP 1316 6430 0.455123
LCQ 8090 10159 0.720908
LCR 9724 6484 0.834254
LCS 709 12536 0.879147
LCT 5360 8111 0.648061
LCU 13921 326 0.109409
LCV 10052 1682 0.029572
LCW 5308 12517 0.800531
LCX 967 5024 0.749321
LCY 8650 9200 0.406903
LCZ 170 9392 0.774316
LDA 2645 12976 0.325114
LDB 2614 2 0.346294
LDC 1340 8803 0.855434
LDD 14270 10346 0.223701
LDE 10805 5507 0.076785
LDF 14666 1126 0.984832
LDG 13903 2255 0.660054
LDH 3373 3800 0.963805
LDI 5708 14848 0.451460
LDJ 8918 4708 0.610157
LDK 4126 3392 0.699057
LDL 2422 14557 0.957305
LDM 4606 13627 0.695364
LDN 9679 14510 0.572802
LDO 3598 2099 0.994049
LDP 7603 4567 0.976287
LDQ 12770 550 0.852901
LDR 11699 12046 0.167608
LDS 8786 3742 0.783593
LDT 4015 14812 0.739586
LDU 10454 2360 0.676992
LDV 9265 1409 0.174444
LDW 12595 10382 0.544145
LDX 12632 14795 0.474380
LDY 8881 12442 0.096347
LDZ 3190 1948 0.369945
LEA 6083 13298 0.801813
LEB 10712 14494 0.119938
LEC 14015 3005 0.333079
LED 2855 13915 0.478469
LEE 13694 9794 0.079104
LEF 4705 9322 0.893277
LEG 3764 12872 0.264168
LEH 9518 3722 0.531388
LEI 10832 6529 0.820154
LEJ 4801 4655 0.434034
LEK 8612 5440 0.121250
LEL 13288 6133 0.103336
LEM 4496 962 0.637898
LEN 1798 11474 0.249275
LEO 10901 1202 0.121799
LEP 10087 530 0.394024
LEQ 6752 13604 0.727866
LER 2101 12740 0.674825
LES 14243 3559 0.125645
LET 799 11641 0.624714
LEU 1757 11999 0.791192
LEV 1639 12227 0.073550
LEW 14851 6800 0.910947
LEX 4804 14323 0.717673
LEY 247 8210 0.311350
LEZ 4328 2957 0.488662
LFA 5692 1844 0.162481
LFB 11782 1165 0.727744
LFC 1384 7594 0.528306
LFD 7649 3407 0.470595
LFE 13384 2594 0.767388
LFF 5750 5066 0.994629
LFG 4999 9611 0.953337
LFH 5137 14834 0.296609
LFI 1286 634 0.510453
LFJ 5068 1478 0.484420
LFK 12536 5932 0.768944
LFL 12553 3290 0.301828
LFM 7945 2891 0.764153
LFN 9149 8812 0.289590
LFO 13888 11809 0.957060
LFP 2317 878 0.540178
LFQ 10000 2527 0.266243
LFR 2129 11974 0.755882
LFS 13304 14146 0.499680
LFT 6605 12091 0.494247
LFU 611 5828 0.579302
LFV 4412 8362 0.204596
LFW 6718 4679 0.495437
LFX 2740 727 0.052705
LFY 9949 3241 0.325144
LFZ 7334 182 0.719871
LGA 2851 8461 0.535905
LGB 12736 697 0.474013
LGC 1003 5185 0.789026
LGD 5006 7019 0.968657
LGE 9433 11180 0.185492
LGF 4372 12788 0.555315
LGG 4480 6154 0.986206
LGH 2903 11302 0.522935
LGI 316 6076 0.908506
LGJ 1124 9293 0.725028
LGK 1366 13412 0.785455
LGL 13942 9845 0.652669
LGM 13271 11623 0.287362
LGN 13522 7373 0.278054
LGO 11341 6302 0.182897
LGP 6538 2695 0.057863
LGQ 10012 7514 0.875454
LGR 10024 2542 0.472457
LGS 1541 4979 0.319834
LGT 3703 13004 0.509384
LGU 14668 10712 0.528581
LGV 4984 11390 0.705954
LGW 1829 14657 0.338664
LGX 9424 7502 0.866054
LGY 2611 13429 0.558641
LGZ 170 13031 0.491470
LHA 3964 2458 0.670370
LHB 10553 4001 0.438093
LHC 1610 9871 0.553301
LHD 9028 12154 0.450148
LHE 13939 3659 0.847255
LHF 11992 3788 0.164647
LHG 9412 10841 0.205542
LHH 1954 10355 0.040712
LHI 829 536 0.435102
LHJ 989 2555 0.574602
LHK 10913 1646 0.996612
LHL 7232 1069 0.243965
LHM 13790 1240 0.178076
LHN 10912 1373 0.999268
LHO 644 2242 0.076083
LHP 13063 7697 0.920988
LHQ 3080 4396 0.950163
LHR 2575 1346 0.005951
LHS 169 3479 0.183508
LHT 5902 3017 0.064028
LHU 1928 3629 0.607074
LHV 2141 10738 0.520920
LHW 14653 14962 0.954131
LHX 7930 1592 0.658773
LHY 5710 12623 0.332408
LHZ 896 6710 0.610370
LIA 7306 10163 0.453444
LIB 1651 9800 0.376385
LIC 7031 2534 0.571673
LID 3503 433 0.388653
LIE 3482 7555 0.284249
LIF 7582 4948 0.814844
LIG 11489 8816 0.147649
LIH 14387 11771 0.021973
LII 682 6679 0.109226
LIJ 8044 5203 0.507462
LIK 9493 13613 0.651692
LIL 121 10060 0.296762
LIM 1820 625 0.933683
LIN 1466 701 0.417890
LIO 5341 7532 0.703513
LIP 4502 14336 0.720847
LIQ 3382 2854 0.991485
LIR 9224 14105 0.140294
LIS 3277 5855 0.174505
LIT 12493 11498 0.627186
LIU 4013 4718 0.578692
LIV 3730 4679 0.523118
LIW 6035 13187 0.967315
LIX 2741 6460 0.247627
LIY 8230 1034 0.677725
LIZ 13852 8069 0.935606
LJA 2627 13198 0.445753
LJB 3457 7642 0.226753
LJC 382 8365 0.716605
LJD 10651 14924 0.895718
LJE 11320 12538 0.109226
LJF 11422 13871 0.543504
LJG 1748 4724 0.306619
LJH 253 14266 0.277841
LJI 1978 12968 0.604633
LJJ 6101 9977 0.309763
LJK 9838 14948 0.302255
LJL 3439 13460 0.819666
LJM 3521 14161 0.670186
LJN 4765 3677 0.415021
LJO 607 11002 0.027223
LJP 7549 4289 0.146306
LJQ 34 12161 0.104404
LJR 7924 2164 0.485031
LJS 7544 13964 0.010010
LJT 5402 7054 0.031129
LJU 1112 1538 0.354656
LJV 1877 10141 0.123936
LJW 3889 1447 0.073214
LJX 12352 11903 0.111240
LJY 6118 4871 0.817957
LJZ 3577 7441 0.908383
LKA 14155 11720 0.120121
LKB 8660 2962 0.777215
LKC 6688 10666 0.448958
LKD 3511 6454 0.102023
LKE 1661 5236 0.462081
LKF 2176 13370 0.454970
LKG 1547 5090 0.768120
LKH 13858 3547 0.559984
LKI 3212 9097 0.030793
LKJ 2072 4537 0.999451
LKK 3190 12127 0.863948
LKL 6490 6104 0.790979
LKM 12914 5665 0.319285
LKN 11863 29 0.417859
LKO 14114 9730 0.483261
LKP 2350 5909 0.646779
LKQ 10982 14545 0.394665
LKR 3446 11699 0.642354
LKS 11797 986 0.803064
LKT 3515 1858 0.607196
LKU 8120 8837 0.827570
LKV 1846 7534 0.569567
LKW 11660 323 0.977721
LKX 7550 13064 0.129612
LKY 4444 10844 0.880673
LKZ 4007 5542 0.087161
LLA 12058 6995 0.055330
LLB 2509 10430 0.031648
LLC 6065 5860 0.801172
LLD 9308 12404 0.305033
LLE 7325 5114 0.357219
LLF 10193 3827 0.375805
LLG 12649 10367 0.560564
LLH 12889 3544 0.710410
LLI 7909 3394 0.913450
LLJ 2015 9428 0.824793
LLK 5480 2126 0.885006
LLL 5515 11854 0.465651
LLM 1171 7111 0.049409
LLN 4267 9241 0.936338
LLO 2854 9896 0.920957
LLP 8795 13999 0.567339
LLQ 5092 13634 0.716361
LLR 5290 1016 0.366222
LLS 11533 9349 0.378887
LLT 6640 6034 0.085269
LLU 11867 1858 0.659413
LLV 11627 11951 0.448225
LLW 2465 7417 0.499710
LLX 4427 1072 0.200629
LLY 10315 6622 0.017731
LLZ 12137 11221 0.119724
LMA 14831 9580 0.686758
LMB 5920 139 0.261361
LMC 5698 7775 0.449965
LMD 5396 13828 0.661946
LME 14921 5914 0.147862
LMF 1183 11419 0.574114
LMG 5959 2342 0.378552
LMH 1225 2494 0.223060
LMI 11048 4538 0.390881
LMJ 11863 11392 0.151097
LMK 3743 9524 0.447310
LML 10922 7630 0.593707
LMM 2314 3218 0.916318
LMN 1714 4082 0.131046
LMO 10669 2015 0.785272
LMP 10817 1165 0.202734
LMQ 2132 9454 0.951140
LMR 50 4300 0.092410
LMS 13270 11567 0.171331
LMT 14009 1073 0.802820
LMU 250 6481 0.567400
LMV 13627 6940 0.978088
LMW 2206 4232 0.692679
LMX 10834 587 0.813898
LMY 3305 5539 0.029115
LMZ 5426 6608 0.850154
LNA 3889 1195 0.991272
LNB 4259 4931 0.793970
LNC 5227 4301 0.711814
LND 3464 5491 0.193518
LNE 7871 5786 0.691946
LNF 3500 9266 0.005127
LNG 7408 11875 0.437544
LNH 8842 11851 0.987121
LNI 4451 1913 0.105930
LNJ 5408 7778 0.544664
LNK 7624 5954 0.570238
LNL 2698 2449 0.261177
LNM 392 92 0.803552
LNN 5072 7154 0.008484
LNO 9947 3565 0.714194
LNP 4933 2594 0.360118
LNQ 2441 8849 0.149480
LNR 14438 10532 0.157537
LNS 515 9197 0.359966
LNT 9854 3055 0.628773
LNU 14045 5318 0.395276
LNV 3002 5122 0.554033
LNW 3269 6760 0.321329
LNX 194 4424 0.741264
LNY 6536 185 0.421644
LNZ 14200 6799 0.637715
LOA 49 85 0.306833
LOB 12088 13564 0.391614
LOC 3665 85 0.725211
LOD 12499 14474 0.209937
LOE 5596 3247 0.469985
LOF 11449 12326 0.563799
LOG 8119 697 0.743187
LOH 1424 2237 0.795068
LOI 13901 10610 0.281747
LOJ 11297 10450 0.101230
LOK 8819 8881 0.109531
LOL 56 5416 0.847194
LOM 4945 3614 0.568957
LON 9518 7811 0.793390
LOO 7913 4639 0.936613
LOP 11632 4648 0.271615
LOQ 14888 4112 0.062502
LOR 11375 14668 0.698935
LOS 11045 11756 0.715812
LOT 2371 12064 0.229438
LOU 13838 10729 0.299142
LOV 3362 2582 0.924070
LOW 7318 13253 0.931364
LOX 7817 2324 0.693991
LOY 7553 9355 0.220435
LOZ 2377 8057 0.574328
LPA 215 5323 0.980560
LPB 10477 3287 0.728050
LPC 7966 5288 0.312784
LPD 11047 3790 0.099429
LPE 8104 13342 0.494461
LPF 11812 5671 0.950560
LPG 8981 14074 0.632221
LPH 2513 737 0.749046
LPI 10009 14740 0.652608
LPJ 101 10868 0.161504
LPK 12344 11582 0.557665
LPL 7778 7456 0.358806
LPM 7723 280 0.585894
LPN 5248 6907 0.593860
LPO 1912 581 0.616504
LPP 4778 11495 0.185217
LPQ 7318 4544 0.460799
LPR 2320 10072 0.760796
LPS 8197 11087 0.226264
LPT 8393 12704 0.008087
LPU 4595 8113 0.339152
LPV 2357 8122 0.368023
LPW 6992 7361 0.695761
LPX 8602 14078 0.219153
LPY 4160 7919 0.407056
LPZ 12817 95 0.258766
LQA 4613 3913 0.330088
LQB 5989 14 0.116062
LQC 4106 1556 0.666616
LQD 12386 7592 0.861049
LQE 1576 5264 0.982788
LQF 2069 12502 0.119907
LQG 9466 10586 0.684378
LQH 3974 11179 0.105319
LQI 11965 1378 0.898831
LQJ 2549 11050 0.135472
LQK 2023 5834 0.490097
LQL 5609 2500 0.282083
LQM 3322 2332 0.192663
LQN 11890 299 0.772851
LQO 730 3281 0.219733
LQP 5666 14789 0.807093
LQQ 12547 11357 0.804559
LQR 4865 8353 0.648976
LQS 8543 6820 0.596240
LQT 7102 2534 0.363933
LQU 7979 7274 0.279305
LQV 6023 14906 0.488235
LQW 3929 6251 0.842097
LQX 2936 470 0.392224
LQY 1190 686 0.210944
LQZ 7447 12454 0.240364
LRA 5696 7309 0.117038
LRB 13430 835 0.390210
LRC 7058 14800 0.697256
LRD 1876 46 0.934935
LRE 10783 3164 0.075320
LRF 3226 4264 0.000488
LRG 3283 6098 0.647633
LRH 4877 13096 0.490646
LRI 7913 8690 0.635365
LRJ 8713 1484 0.347850
LRK 1123 1474 0.288400
LRL 2920 3919 0.198828
LRM 13489 1198 0.556322
LRN 8899 295 0.597797
LRO 971 10618 0.709128
LRP 4567 250 0.099094
LRQ 7483 6115 0.915220
LRR 211 4354 0.204352
LRS 3892 7565 0.793634
LRT 4925 10747 0.966643
LRU 13421 12331 0.077700
LRV 8351 3086 0.816309
LRW 1774 1022 0.379406
LRX 6394 917 0.129368
LRY 13258 1609 0.257424
LRZ 2605 7517 0.310129
LSA 11309 6724 0.989654
LSB 9956 11164 0.834223
LSC 8171 5710 0.256111
LSD 4220 9073 0.919034
LSE 12163 11348 0.980865
LSF 10195 3374 0.380596
LSG 10939 1616 0.480056
LSH 12485 1831 0.925901
LSI 14453 1049 0.450575
LSJ 1508 12664 0.740471
LSK 59 5302 0.824885
LSL 1790 11957 0.889920
LSM 8372 1120 0.748558
LSN 1939 14575 0.883480
LSO 679 14003 0.523820
LSP 11621 2254 0.874966
LSQ 973 8050 0.934874
LSR 4940 7355 0.525712
LSS 12079 3787 0.552171
LST 4477 9817 0.648579
LSU 6511 7844 0.029572
LSV 5114 13279 0.521317
LSW 13045 2053 0.682577
LSX 2878 8101 0.320627
LSY 14447 458 0.396741
LSZ 830 9701 0.615314
LTA 6242 10889 0.783959
LTB 11983 7838 0.390057
LTC 8960 4039 0.107150
LTD 4192 592 0.776330
LTE 8917 5443 0.458785
LTF 14929 1657 0.668538
LTG 7258 2183 0.623218
LTH 7613 4027 0.828425
LTI 5966 4466 0.611835
LTJ 11465 9322 0.049837
LTK 5078 2959 0.649892
LTL 13385 7177 0.600391
LTM 6031 14924 0.044069
LTN 13864 13258 0.593921
LTO 4778 6248 0.495499
LTP 13918 1228 0.311350
LTQ 7546 12832 0.666189
LTR 13823 7393 0.893612
LTS 1679 1303 0.785943
LTT 3158 9287 0.411451
LTU 2023 6347 0.424543
LTV 14327 7102 0.194006
LTW 10453 8036 0.876064
LTX 9343 11972 0.596362
LTY 9832 1519 0.534043
LTZ 13760 14146 0.232002
LUA 13379 10444 0.802301
LUB 11281 14965 0.214423
LUC 8260 14321 0.111301
LUD 7573 2018 0.265419
LUE 1592 6368 0.119968
LUF 4084 13903 0.785089
LUG 12997 11956 0.802026
LUH 62 2104 0.260598
LUI 9611 5657 0.469039
LUJ 5015 5758 0.847407
LUK 13556 13534 0.496048
LUL 7343 3713 0.706473
LUM 4117 1487 0.212012
LUN 11990 2216 0.857295
LUO 3038 1456 0.724418
LUP 1330 8189 0.024751
LUQ 3109 3800 0.988403
LUR 12758 4262 0.352641
LUS 10210 4696 0.831385
LUT 2002 5369 0.044404
LUU 6487 10970 0.528092
LUV 7484 14162 0.104343
LUW 6904 2486 0.516007
LUX 9313 4169 0.509354
LUY 10813 13979 0.569140
LUZ 13519 1613 0.472793
LVA 9247 4838 0.836299
LVB 10151 11341 0.087985
LVC 10972 9151 0.222053
LVD 6757 11903 0.687887
LVE 6904 9091 0.270180
LVF 13628 7825 0.853694
LVG 5579 1748 0.625690
LVH 5849 14683 0.271859
LVI 12052 10559 0.926786
LVJ 12509 6637 0.704550
LVK 2321 11171 0.237495
LVL 11120 2602 0.323344
LVM 13894 13451 0.501816
LVN 14912 7472 0.691336
LVO 8443 3683 0.602435
LVP 10460 949 0.881405
LVQ 3740 13055 0.071078
LVR 7364 12998 0.722556
LVS 13873 1385 0.944334
LVT 2195 272 0.088565
LVU 4823 7993 0.315256
LVV 6755 5329 0.614978
LVW 1849 9710 0.422834
LVX 8134 2972 0.371502
LVY 12086 6196 0.270394
LVZ 14734 14825 0.958861
LWA 5119 12155 0.400616
LWB 6700 14854 0.357524
LWC 10742 1685 0.197302
LWD 2072 6017 0.766228
LWE 49 12424 0.563707
LWF 1229 14627 0.746971
LWG 4025 5554 0.664144
LWH 806 5834 0.371075
LWI 10943 11237 0.239235
LWJ 9767 2095 0.858699
LWK 1556 1894 0.435194
LWL 1472 10616 0.550523
LWM 7846 3491 0.754418
LWN 3134 2194 0.068453
LWO 1870 3664 0.260537
LWP 994 2290 0.334941
LWQ 10721 12023 0.179662
LWR 10336 5021 0.858760
LWS 2252 8143 0.159459
LWT 986 12362 0.476913
LWU 8446 2713 0.301096
LWV 8660 5324 0.698416
LWW 4562 8984 0.292032
LWX 5906 14479 0.046541
LWY 5605 14057 0.164556
LWZ 9296 4402 0.471267
LXA 13255 233 0.012116
LXB 2050 8071 0.122929
LXC 4409 12467 0.035981
LXD 2476 8647 0.672323
LXE 1256 1655 0.195837
LXF 4145 3931 0.049806
LXG 7454 1414 0.121616
LXH 13016 1657 0.090152
LXI 8086 6841 0.439405
LXJ 586 11894 0.224494
LXK 11090 4162 0.891476
LXL 193 9344 0.194647
LXM 14018 4831 0.219306
LXN 11408 1253 0.888791
LXO 12563 11354 0.350230
LXP 12076 8314 0.948332
LXQ 1000 4393 0.609851
LXR 973 13270 0.890622
LXS 3268 805 0.099277
LXT 8138 7657 0.260140
LXU 9457 5194 0.650441
LXV 5584 5714 0.884976
LXW 13721 7445 0.533219
LXX 5390 14498 0.801233
LXY 3644 9479 0.957366
LXZ 799 418 0.943297
LYA 2575 2348 0.014985
LYB 128 5053 0.399762
LYC 12097 10720 0.673360
LYD 8983 14525 0.039613
LYE 12082 12202 0.373486
LYF 475 4079 0.735557
LYG 10823 11717 0.348888
LYH 13648 1427 0.382458
LYI 12167 12253 0.566912
LYJ 9524 1256 0.551714
LYK 845 10259 0.848750
LYL 12415 9709 0.061220
LYM 13121 3334 0.855922
LYN 4846 3745 0.102756
LYO 1054 10141 0.877743
LYP 12160 13435 0.975768
LYQ 3146 964 0.330485
LYR 11692 10469 0.057772
LYS 6263 1820 0.219367
LYT 7172 10520 0.517777
LYU 6722 13691 0.133854
LYV 14342 9593 0.577624
LYW 3854 10051 0.281259
LYX 3019 14212 0.973296
LYY 5755 8915 0.227515
LYZ 4100 769 0.784265
LZA 4319 5272 0.040559
LZB 539 5909 0.114048
LZC 11191 9790 0.041017
LZD 2752 10190 0.341899
LZE 7591 4996 0.984069
LZF 1451 5419 0.947630
LZG 10448 4834 0.850307
LZH 10222 3385 0.367992
LZI 13492 11311 0.135624
LZJ 5158 6766 0.094028
LZK 1469 12343 0.228095
LZL 9868 443 0.392926
LZM 12278 2522 0.765770
LZN 13507 14788 0.758507
LZO 4016 2647 0.410810
LZP 12013 11080 0.587603
LZQ 11656 6463 0.876247
LZR 124 13978 0.768242
LZS 4682 11330 0.924558
LZT 10016 1954 0.977142
LZU 725 2765 0.054048
LZV 2080 3259 0.642781
LZW 7096 1307 0.315134
LZX 12698 8104 0.859584
LZY 8779 2627 0.788110
LZZ 6706 14665 0.166021
MAA 13858 6260 0.325266
MAB 5036 3331 0.148717
MAC 13540 9710 0.842708
MAD 5630 7094 0.429212
MAE 5791 10604 0.362468
MAF 9943 6622 0.859249
MAG 3559 3526 0.781335
MAH 7759 11671 0.813074
MAI 10846 8530 0.602283
MAJ 850 2069 0.453230
MAK 14179 367 0.234504
MAL 6412 523 0.878353
MAM 808 3271 0.569445
MAN 8378 3115 0.266915
MAO 5185 4076 0.005768
MAP 8938 8782 0.633442
MAQ 4019 14831 0.541612
MAR 11882 3755 0.736106
MAS 3014 953 0.609149
MAT 2405 7673 0.147282
MAU 2120 3172 0.619251
MAV 13358 8870 0.639119
MAW 12172 1676 0.331828
MAX 403 815 0.977233
MAY 2552 13484 0.804804
MAZ 10013 13696 0.076296
MBA 5431 3280 0.416364
MBB 11996 14210 0.379620
MBC 388 6308 0.935972
MBD 7568 9434 0.404462
MBE 3961 2779 0.455519
MBF 13720 11969 0.772790
MBG 11495 12592 0.815760
MBH 11191 194 0.844966
MBI 9886 10750 0.593768
MBJ 1501 5707 0.420240
MBK 3916 14594 0.383801
MBL 1126 11551 0.984863
MBM 7042 3998 0.629231
MBN 14150 8200 0.803949
MBO 3337 9511 0.272408
MBP 2525 923 0.888852
MBQ 4987 1195 0.609790
MBR 9667 716 0.655141
MBS 3209 8399 0.591144
MBT 3871 13280 0.041627
MBU 12986 137 0.016999
MBV 6535 10408 0.112583
MBW 12830 10531 0.283486
MBX 5423 5939 0.839076
MBY 13139 8464 0.131779
MBZ 9949 13988 0.976348
MCA 6154 904 0.899930
MCB 1912 689 0.846614
MCC 14405 10120 0.675253
MCD 12329 12398 0.525834
MCE 3380 856 0.130222
MCF 12430 10591 0.544603
MCG 9062 1781 0.318949
MCH 691 5119 0.871609
MCI 12986 3785 0.939817
MCJ 6346 3652 0.778130
MCK 1039 3148 0.157903
MCL 14474 2974 0.308420
MCM 10852 3346 0.652974
MCN 13501 820 0.630970
MCO 9128 2936 0.740226
MCP 12145 12362 0.639485
MCQ 11396 8011 0.827387
MCR 10493 1430 0.942137
MCS 8924 2696 0.747124
MCT 9263 8807 0.940031
MCU 6319 6551 0.263070
MCV 13432 4963 0.183660
MCW 10460 7927 0.917295
MCX 5638 5365 0.728965
MCY 3025 6814 0.990387
MCZ 7514 1613 0.918485
MDA 10388 37 0.308695
MDB 10106 14584 0.017640
MDC 12245 1594 0.579516
MDD 12970 8039 0.557024
MDE 6713 587 0.492569
MDF 4564 308 0.204352
MDG 3220 2168 0.616901
MDH 14162 12229 0.631733
MDI 1354 9581 0.772454
MDJ 13378 7318 0.282998
MDK 5906 10874 0.690603
MDL 1823 3377 0.307505
MDM 2009 9059 0.022248
MDN 767 2491 0.335276
MDO 674 806 0.729728
MDP 5611 3725 0.347484
MDQ 12767 2333 0.237770
MDR 6173 8018 0.774712
MDS 14387 14704 0.040742
MDT 10465 2507 0.252510
MDU 8996 11720 0.394116
MDV 12905 2909 0.311289
MDW 4559 5528 0.885342
MDX 9881 13375 0.793329
MDY 2740 9278 0.704154
MDZ 14350 14056 0.105777
MEA 1225 7295 0.942228
MEB 7879 761 0.653890
MEC 1690 7541 0.870602
MED 959 3965 0.081912
MEE 5593 208 0.498306
MEF 8350 8782 0.404950
MEG 260 7121 0.426466
MEH 6056 11506 0.865932
MEI 3689 6532 0.711631
MEJ 14803 11914 0.526475
MEK 1750 3541 0.756737
MEL 13504 11744 0.321360
MEM 2927 6689 0.790429
MEN 4837 2029 0.697378
MEO 11236 13201 0.895627
MEP 11122 4810 0.148808
MEQ 5873 13094 0.431990
MER 8015 11917 0.071841
MES 11066 14135 0.693075
MET 5348 2210 0.518418
MEU 7501 8689 0.365032
MEV 14327 476 0.760796
MEW 14582 1738 0.443922
MEX 2723 13004 0.204566
MEY 4957 6670 0.339244
MEZ 13301 3371 0.236763
MFA 11089 8242 0.573840
MFB 14638 5867 0.191290
MFC 454 13616 0.406049
MFD 1054 9046 0.881924
MFE 4697 7820 0.475600
MFF 1604 3463 0.216987
MFG 11492 9910 0.833949
MFH 2891 9859 0.396863
MFI 12023 3554 0.089633
MFJ 5245 7094 0.227485
MFK 10376 1217 0.502396
MFL 9416 12452 0.289926
MFM 9757 12545 0.322245
MFN 8339 4475 0.205969
MFO 592 1841 0.118046
MFP 2321 5240 0.165136
MFQ 7667 10931 0.895657
MFR 9539 4387 0.348582
MFS 9010 14285 0.097018
MFT 5194 14020 0.027619
MFU 8257 12686 0.723258
MFV 10685 12973 0.054689
MFW 11956 1745 0.456709
MFX 3631 11885 0.325632
MFY 13589 866 0.404370
MFZ 6382 11995 0.700125
MGA 5881 8845 0.561327
MGB 8843 5965 0.947478
MGC 4601 5573 0.931394
MGD 13976 8630 0.662282
MGE 9955 13070 0.064760
MGF 4433 3953 0.892087
MGG 2648 12721 0.203864
MGH 9487 1595 0.566362
MGI 4493 10447 0.894223
MGJ 10616 9647 0.832698
MGK 1997 8510 0.443098
MGL 776 7951 0.220710
MGM 9341 8834 0.618732
MGN 14156 2915 0.291299
MGO 10370 7714 0.100497
MGP 11929 455 0.210364
MGQ 13496 9181 0.046327
MGR 6980 3230 0.643483
MGS 1258 7732 0.354198
MGT 5161 9896 0.617634
MGU 10165 14531 0.393323
MGV 10576 10664 0.671987
MGW 1990 7048 0.787011
MGX 13420 8704 0.838527
MGY 2711 14026 0.869472
MGZ 3028 4223 0.887906
MHA 995 13402 0.340098
MHB 2287 2251 0.963347
MHC 2372 4031 0.023225
MHD 2413 1471 0.338176
MHE 13432 14651 0.135411
MHF 9643 2239 0.690634
MHG 647 10237 0.690451
MHH 13651 12643 0.118168
MHI 3619 7466 0.261422
MHJ 13186 7004 0.243202
MHK 3016 2407 0.889950
MHL 13151 12307 0.308023
MHM 3176 14369 0.115085
MHN 1804 3976 0.254616
MHO 1210 134 0.510666
MHP 6706 8471 0.551653
MHQ 13751 9346 0.394513
MHR 862 3244 0.095187
MHS 4840 10733 0.133244
MHT 4315 11407 0.997101
MHU 7132 760 0.335582
MHV 2425 14135 0.606433
MHW 11894 12686 0.830134
MHX 13844 1265 0.816889
MHY 671 10211 0.286721
MHZ 10667 12274 0.712027
MIA 2467 3742 0.288125
MIB 12338 10793 0.027192
MIC 5347 7721 0.214789
MID 3869 2845 0.874935
MIE 12700 14227 0.096713
MIF 6826 659 0.824854
MIG 14015 5975 0.237037
MIH 3700 6952 0.868557
MII 14888 3523 0.546434
MIJ 14210 437 0.160009
MIK 10004 14963 0.771722
MIL 8875 6866 0.831568
MIM 8302 2774 0.780450
MIN 4019 8354 0.764916
MIO 14263 10552 0.401593
MIP 3700 3340 0.074099
MIQ 2321 10306 0.643635
MIR 14099 7295 0.355419
MIS 12730 6479 0.044496
MIT 3077 11269 0.605396
MIU 5950 3500 0.072542
MIV 4000 2504 0.225990
MIW 12518 280 0.523850
MIX 10103 5626 0.849971
MIY 14294 14392 0.370373
MIZ 11278 11777 0.955412
MJA 12427 1664 0.133488
MJB 361 10897 0.522904
MJC 782 419 0.209937
MJD 14351 11246 0.442701
MJE 739 14476 0.290445
MJF 10712 2527 0.131443
MJG 2953 13288 0.709464
MJH 733 8212 0.992370
MJI 10621 313 0.869167
MJJ 5978 10940 0.072726
MJK 4306 9907 0.424116
MJL 7454 10132 0.666280
MJM 409 7147 0.311380
MJN 13639 6185 0.795557
MJO 14356 10073 0.597339
MJP 10838 6059 0.622913
MJQ 823 1121 0.104953
MJR 3350 11635 0.995666
MJS 5311 12220 0.515671
MJT 14206 10486 0.660817
MJU 233 680 0.725639
MJV 9721 1799 0.312967
MJW 6443 9613 0.310923
MJX 1337 6911 0.686453
MJY 12868 488 0.635456
MJZ 8612 1024 0.499313
MKA 9032 3155 0.053285
MKB 14560 5824 0.324320
MKC 11077 1534 0.431532
MKD 6841 10334 0.525773
MKE 8560 13270 0.479324
MKF 760 7133 0.388623
MKG 11171 5089 0.739128
MKH 10643 14488 0.598163
MKI 12883 14464 0.198187
MKJ 13528 14105 0.434797
MKK 10183 6977 0.942320
MKL 2090 14674 0.549516
MKM 9160 6649 0.720542
MKN 7451 2162 0.110050
MKO 8800 14573 0.346568
MKP 2816 3196 0.578234
MKQ 3680 13726 0.153111
MKR 12317 13141 0.521378
MKS 2645 2314 0.866573
MKT 9221 7162 0.800684
MKU 3475 749 0.903195
MKV 1067 1432 0.339915
MKW 7357 12280 0.833216
MKX 10310 5827 0.587024
MKY 3113 6979 0.236641
MKZ 5009 8515 0.860378
MLA 13672 14057 0.013581
MLB 8942 2107 0.148961
MLC 5192 3602 0.033174
MLD 1733 4109 0.734397
MLE 10706 7757 0.437452
MLF 85 6011 0.348277
MLG 1586 13417 0.582507
MLH 11131 6203 0.596332
MLI 4039 10288 0.124088
MLJ 11968 6556 0.194647
MLK 13877 14653 0.765496
MLL 13739 13856 0.300455
MLM 9688 3074 0.303568
MLN 2852 13880 0.001923
MLO 43 6998 0.463637
MLP 13786 5321 0.988250
MLQ 2953 280 0.225471
MLR 9151 8384 0.671072
MLS 7325 6136 0.540880
MLT 2842 1007 0.704398
MLU 14824 10937 0.149663
MLV 10426 14948 0.068911
MLW 1088 14201 0.241493
MLX 11203 578 0.780541
MLY 4175 437 0.612262
MLZ 1810 8501 0.971648
MMA 2032 8900 0.347575
MMB 4781 8764 0.705313
MMC 1633 1675 0.560686
MMD 7519 1406 0.540941
MME 9806 2159 0.940275
MMF 9607 3917 0.699240
MMG 3637 1300 0.451765
MMH 14911 8788 0.802545
MMI 2927 7768 0.108005
MMJ 8267 3508 0.713889
MMK 616 340 0.906400
MML 4604 2531 0.095340
MMM 13865 14543 0.446089
MMN 8846 1804 0.073031
MMO 394 11531 0.014435
MMP 1472 13192 0.959929
MMQ 13580 5497 0.690573
MMR 4007 14990 0.475784
MMS 12404 8354 0.884213
MMT 5393 5728 0.435133
MMU 9071 6908 0.331187
MMV 4073 1607 0.579302
MMW 5674 9757 0.529313
MMX 11338 11339 0.232124
MMY 9077 2881 0.546190
MMZ 2516 13928 0.880520
MNA 5042 7225 0.687429
MNB 1220 10069 0.753502
MNC 2615 10793 0.303262
MND 7891 3727 0.115360
MNE 283 836 0.664480
MNF 322 2776 0.427290
MNG 10210 13394 0.970305
MNH 3823 10237 0.894650
MNI 9631 14078 0.797906
MNJ 5717 3019 0.323923
MNK 12611 12964 0.279580
MNL 13565 2801 0.794427
MNM 3478 9989 0.632679
MNN 11272 2773 0.525437
MNO 3545 10577 0.989319
MNP 14183 3848 0.620746
MNQ 11768 9281 0.404248
MNR 1495 2021 0.214942
MNS 1937 14348 0.086123
MNT 2680 12029 0.066683
MNU 14264 9665 0.921628
MNV 4741 637 0.956023
MNW 9697 5732 0.872463
MNX 11462 9395 0.480789
MNY 13549 1046 0.444685
MNZ 3038 6818 0.129917
MOA 8446 716 0.782098
MOB 9026 4226 0.965606
MOC 11810 10193 0.649464
MOD 7342 13570 0.000061
MOE 13132 1840 0.268471
MOF 9895 10073 0.524888
MOG 3058 11944 0.274972
MOH 14738 953 0.371990
MOI 160 11360 0.608722
MOJ 10241 112 0.478744
MOK 3173 11392 0.545427
MOL 13769 14815 0.317759
MOM 12730 6922 0.967406
MON 10303 10541 0.864681
MOO 2131 14102 0.961608
MOP 3620 3835 0.933866
MOQ 14564 13846 0.563890
MOR 1438 8275 0.044008
MOS 11764 8818 0.555101
MOT 916 14794 0.600604
MOU 13036 3473 0.287118
MOV 7229 535 0.232063
MOW 4744 1399 0.199377
MOX 3055 292 0.712638
MOY 4381 5740 0.601093
MOZ 10834 6679 0.170782
MPA 5846 7753 0.070956
MPB 10411 3151 0.348735
MPC 3797 4117 0.085299
MPD 12116 9203 0.662893
MPE 7063 3647 0.854854
MPF 10991 10009 0.849757
MPG 5762 14956 0.453719
MPH 1513 9827 0.185888
MPI 3346 9187 0.787896
MPJ 12560 4816 0.773492
MPK 11051 13486 0.395947
MPL 13661 4406 0.305277
MPM 7276 986 0.133824
MPN 10193 11827 0.195593
MPO 5593 13012 0.084323
MPP 1802 9257 0.104770
MPQ 12641 1951 0.183569
MPR 2107 7550 0.824519
MPS 4709 10999 0.691153
MPT 4984 1796 0.353465
MPU 9626 8743 0.374737
MPV 12163 8858 0.899747
MPW 8669 2656 0.758812
MPX 6863 14684 0.627552
MPY 4750 3439 0.624042
MPZ 10136 11144 0.342235
MQA 11083 2573 0.767876
MQB 2873 2243 0.106265
MQC 13228 2507 0.466353
MQD 5410 11683 0.125309
MQE 10507 5024 0.745567
MQF 3895 4241 0.260140
MQG 473 13267 0.094058
MQH 518 2338 0.335154
MQI 10391 1621 0.259560
MQJ 3941 4057 0.150700
MQK 10837 11804 0.890835
MQL 821 13298 0.889279
MQM 13585 7951 0.639851
MQN 9242 6304 0.560320
MQO 4103 6293 0.552690
MQP 28 9614 0.382214
MQQ 11491 14579 0.773095
MQR 9460 1859 0.670675
MQS 11659 932 0.391614
MQT 1469 10448 0.026856
MQU 1595 2102 0.312906
MQV 1810 6167 0.508896
MQW 403 5162 0.913663
MQX 1994 6167 0.160131
MQY 6655 967 0.650105
MQZ 13894 9475 0.880306
MRA 11560 2380 0.266640
MRB 8552 773 0.281869
MRC 7898 646 0.486129
MRD 9164 7619 0.005676
MRE 8824 2309 0.650838
MRF 5321 12065 0.095798
MRG 13610 14512 0.354076
MRH 6937 10160 0.582904
MRI 9007 14104 0.285958
MRJ 14354 2368 0.521104
MRK 4676 2759 0.930479
MRL 598 10300 0.490707
MRM 1156 2342 0.028809
MRN 8890 13667 0.143468
MRO 6836 3802 0.481918
MRP 6869 7721 0.854213
MRQ 2563 1934 0.234962
MRR 2929 5753 0.074404
MRS 6988 2272 0.290414
MRT 12304 11090 0.690176
MRU 7277 12182 0.958342
MRV 334 3068 0.687307
MRW 7643 9089 0.400616
MRX 10744 8179 0.851253
MRY 10819 5746 0.082278
MRZ 5425 6404 0.199499
MSA 14126 3389 0.533403
MSB 3581 1150 0.487716
MSC 14159 8945 0.476577
MSD 13495 14809 0.568560
MSE 4469 6838 0.509049
MSF 14173 5630 0.745720
MSG 11329 929 0.772759
MSH 5524 14945 0.671834
MSI 11038 10015 0.023957
MSJ 8351 6364 0.920377
MSK 7291 3307 0.852962
MSL 10409 10061 0.238014
MSM 1934 8054 0.124668
MSN 3805 4597 0.782800
MSO 277 11771 0.645253
MSP 8662 2045 0.499344
MSQ 3679 8747 0.222907
MSR 449 14975 0.299722
MSS 1978 7222 0.319254
MST 4361 8254 0.033235
MSU 10877 13432 0.995270
MSV 11096 8930 0.464492
MSW 4646 13604 0.475967
MSX 12379 4883 0.762383
MSY 8473 7195 0.011597
MSZ 3175 11170 0.457991
MTA 2896 7783 0.425398
MTB 769 5926 0.581133
MTC 3098 12269 0.435560
MTD 5378 4084 0.858486
MTE 14080 79 0.146031
MTF 3592 8660 0.578509
MTG 1651 877 0.641133
MTH 3574 13295 0.119083
MTI 137 8174 0.019593
MTJ 13456 14021 0.324900
MTK 9443 12446 0.089053
MTL 770 6523 0.031495
MTM 7888 9299 0.934843
MTN 7937 6961 0.192389
MTO 2693 508 0.306619
MTP 12671 6442 0.394787
MTQ 7750 7117 0.854213
MTR 11132 2428 0.176824
MTS 12761 2483 0.314768
MTT 2371 826 0.608081
MTU 10882 6776 0.437574
MTV 6775 11399 0.190619
MTW 5966 2890 0.346294
MTX 10253 3784 0.405744
MTY 6313 4565 0.815760
MTZ 7562 1925 0.295267
MUA 8200 2105 0.198767
MUB 5476 8075 0.454024
MUC 14290 457 0.108615
MUD 5519 113 0.841578
MUE 3052 8789 0.065859
MUF 3325 14759 0.027619
MUG 7820 13534 0.780816
MUH 2114 4492 0.987243
MUI 11836 10738 0.191107
MUJ 9890 9407 0.485153
MUK 1415 10967 0.429304
MUL 2177 12163 0.560106
MUM 2605 8663 0.187597
MUN 2329 1241 0.762200
MUO 10549 533 0.096194
MUP 6286 8306 0.735588
MUQ 9107 11302 0.367412
MUR 13895 836 0.600696
MUS 841 6478 0.700858
MUT 7021 12545 0.497635
MUU 2437 1969 0.924680
MUV 10207 13769 0.733390
MUW 13021 10532 0.684622
MUX 3233 5332 0.351451
MUY 11497 9212 0.315653
MUZ 5096 14941 0.742088
MVA 227 1073 0.462447
MVB 6811 11339 0.256874
MVC 8263 941 0.680288
MVD 2590 2636 0.808496
MVE 1907 10535 0.774895
MVF 13369 7007 0.251534
MVG 11486 12698 0.647877
MVH 2425 14677 0.076449
MVI 953 976 0.534104
MVJ 917 1010 0.731681
MVK 10705 9827 0.371899
MVL 4147 6320 0.844142
MVM 8285 13438 0.257759
MVN 158 9029 0.860500
MVO 13226 9091 0.136753
MVP 217 10651 0.305155
MVQ 12508 6985 0.684774
MVR 10357 11236 0.071780
MVS 395 4250 0.380535
MVT 1924 2320 0.057344
MVU 2830 3121 0.666097
MVV 4786 265 0.138218
MVW 13843 4039 0.477676
MVX 6569 3919 0.097568
MVY 4504 2990 0.925138
MVZ 7825 10949 0.772881
MWA 8960 11795 0.124912
MWB 12274 10501 0.521867
MWC 11905 13160 0.780450
MWD 10936 12280 0.232337
MWE 10633 11021 0.675008
MWF 2248 3850 0.649464
MWG 821 13157 0.425703
MWH 9862 13754 0.891202
MWI 10651 6299 0.260689
MWJ 9031 2831 0.789026
MWK 10037 715 0.859523
MWL 3359 5534 0.255287
MWM 1360 6154 0.054201
MWN 4717 4913 0.366680
MWO 11353 6028 0.059755
MWP 5108 1514 0.383618
MWQ 532 9023 0.504685
MWR 11032 8161 0.633808
MWS 13207 9305 0.495651
MWT 12479 2054 0.186956
MWU 1189 14903 0.898282
MWV 109 5977 0.673818
MWW 8539 7388 0.571337
MWX 6139 7885 0.572314
MWY 2543 3536 0.083987
MWZ 3424 10951 0.926267
MXA 2098 1696 0.095218
MXB 6856 3064 0.901791
MXC 6118 7663 0.709586
MXD 2926 1933 0.947691
MXE 3842 10894 0.368084
MXF 7529 4105 0.734611
MXG 13468 8327 0.810511
MXH 10028 1643 0.627186
MXI 7585 4019 0.984283
MXJ 4328 5644 0.321207
MXK 7205 8665 0.096652
MXL 6052 4427 0.575976
MXM 13273 13903 0.939421
MXN 7538 4069 0.817927
MXO 11489 4910 0.779778
MXP 2684 10211 0.909513
MXQ 12115 9338 0.138707
MXR 10907 3494 0.691122
MXS 7133 3839 0.285714
MXT 8693 2387 0.140843
MXU 11158 8020 0.899258
MXV 8461 3244 0.279580
MXW 2449 13495 0.695395
MXX 11749 10525 0.404279
MXY 9182 5759 0.540086
MXZ 9209 13336 0.983978
MYA 1724 2960 0.257576
MYB 6119 128 0.727531
MYC 14549 9671 0.654225
MYD 3044 943 0.051637
MYE 4936 11669 0.818262
MYF 3676 6098 0.571734
MYG 8605 1429 0.155797
MYH 3797 4667 0.426313
MYI 4639 1306 0.509232
MYJ 8206 5164 0.357799
MYK 9379 11242 0.696524
MYL 8836 8320 0.630665
MYM 5434 8303 0.540696
MYN 2858 13438 0.197485
MYO 73 4937 0.544816
MYP 2740 13445 0.151006
MYQ 4490 1723 0.440687
MYR 5699 2672 0.548784
MYS 2149 1570 0.521836
MYT 13582 1226 0.292703
MYU 9947 6124 0.585803
MYV 3194 2710 0.013489
MYW 10625 58 0.087802
MYX 6935 827 0.974761
MYY 8516 9347 0.366588
MYZ 2651 14912 0.996429
MZA 2443 890 0.172369
MZB 4310 12955 0.433027
MZC 2186 12910 0.831477
MZD 10609 11503 0.444319
MZE 9637 11834 0.843013
MZF 5579 13297 0.300119
MZG 3686 8482 0.152928
MZH 8375 12050 0.384014
MZI 7082 10319 0.404859
MZJ 2573 11929 0.031037
MZK 10030 3896 0.759758
MZL 10970 7118 0.477950
MZM 13672 6148 0.026337
MZN 2006 6142 0.143254
MZO 10117 10466 0.478927
MZP 4615 13864 0.315958
MZQ 10589 10864 0.483413
MZR 9116 40 0.240120
MZS 1001 6863 0.531114
MZT 10841 10066 0.662282
MZU 12058 3853 0.117130
MZV 2294 5959 0.285989
MZW 9458 3602 0.723502
MZX 5641 7090 0.376232
MZY 6724 14258 0.597613
MZZ 2251 6010 0.102359
NAA 6014 4384 0.683493
NAB 4285 259 0.225776
NAC 13187 3487 0.588427
NAD 769 3883 0.553209
NAE 2305 3389 0.477218
NAF 3548 7724 0.312021
NAG 2933 14267 0.905362
NAH 2369 5171 0.388562
NAI 1294 3727 0.456618
NAJ 9302 7126 0.323984
NAK 1531 13526 0.262551
NAL 10213 6220 0.215247
NAM 4711 8057 0.678854
NAN 6503 3116 0.342296
NAO 7390 9895 0.200934
NAP 899 1735 0.563005
NAQ 8647 13010 0.741325
NAR 10222 13757 0.410291
NAS 9610 4946 0.291513
NAT 1277 4115 0.515305
NAU 12889 11924 0.377148
NAV 11318 9949 0.591479
NAW 10055 8882 0.208014
NAX 12869 10931 0.873257
NAY 6275 3398 0.653554
NAZ 14738 1859 0.732200
NBA 5611 6517 0.762535
NBB 9125 9022 0.321543
NBC 5323 7375 0.117649
NBD 2287 5309 0.647938
NBE 2771 1604 0.497482
NBF 6631 11878 0.565050
NBG 12950 2533 0.733695
NBH 2824 12422 0.952361
NBI 7646 3890 0.928404
NBJ 12674 2113 0.904782
NBK 12295 10510 0.954283
NBL 6910 6875 0.247566
NBM 8368 11011 0.030457
NBN 319 2011 0.222175
NBO 10439 9958 0.770837
NBP 4360 12115 0.894650
NBQ 5344 10487 0.063143
NBR 10142 12038 0.840449
NBS 3584 11251 0.085971
NBT 4547 6362 0.082583
NBU 11521 3800 0.326395
NBV 12170 7235 0.231239
NBW 725 7751 0.251961
NBX 4493 6157 0.415357
NBY 11405 13025 0.942320
NBZ 5656 6712 0.036256
NCA 4448 13831 0.118748
NCB 2743 10303 0.734886
NCC 12611 196 0.255837
NCD 10964 13646 0.371624
NCE 6485 1541 0.436079
NCF 3547 12085 0.399213
NCG 7934 3940 0.948485
NCH 12853 4115 0.884457
NCI 11536 793 0.952086
NCJ 3164 4927 0.734672
NCK 10772 11476 0.458541
NCL 2780 818 0.530107
NCM 2374 3512 0.053529
NCN 14761 11611 0.880428
NCO 1979 9106 0.801813
NCP 11321 2222 0.538957
NCQ 11065 766 0.290689
NCR 6914 928 0.744255
NCS 2678 4670 0.386395
NCT 9667 12508 0.541002
NCU 11107 14864 0.630299
NCV 548 10739 0.288827
NCW 8395 10937 0.915433
NCX 3337 12091 0.318003
NCY 12034 3145 0.781426
NCZ 9359 10640 0.866359
NDA 13634 10675 0.971404
NDB 11053 4682 0.150792
NDC 10328 14413 0.436903
NDD 9227 4849 0.821070
NDE 7574 14246 0.375927
NDF 1736 10921 0.231361
NDG 71 12305 0.774804
NDH 11971 6776 0.077914
NDI 10349 2003 0.918607
NDJ 1396 14366 0.108005
NDK 9370 9176 0.063021
NDL 12800 3557 0.936522
NDM 610 9094 0.548814
NDN 13103 4982 0.632588
NDO 6245 4577 0.711814
NDP 10300 3505 0.788629
NDQ 6862 11582 0.624104
NDR 13129 7501 0.378185
NDS 4180 7813 0.616474
NDT 5881 14782 0.978515
NDU 14393 6473 0.309000
NDV 3778 4874 0.996551
NDW 4892 11345 0.135594
NDX 8852 25 0.524430
NDY 7813 10327 0.718009
NDZ 6595 1682 0.483505
NEA 4748 10106 0.547411
NEB 8318 4355 0.920377
NEC 1526 2600 0.896329
NED 11168 821 0.821558
NEE 11324 5951 0.328288
NEF 13055 13922 0.736320
NEG 3445 13993 0.232368
NEH 5192 8008 0.967864
NEI 4873 3535 0.097690
NEJ 3100 14909 0.236488
NEK 9314 11885 0.395825
NEL 12908 3529 0.656941
NEM 7882 2300 0.572497
NEN 1505 11192 0.733665
NEO 161 1427 0.394299
NEP 6833 3646 0.986541
NEQ 5944 4285 0.375011
NER 12868 5326 0.898556
NES 9590 1063 0.843532
NET 1298 5923 0.255226
NEU 3839 8276 0.038209
NEV 12593 6122 0.743095
NEW 11884 7861 0.043672
NEX 11383 3424 0.021088
NEY 8225 1024 0.052065
NEZ 14359 10981 0.496384
NFA 14924 6902 0.956572
NFB 5510 8831 0.849544
NFC 14599 1654 0.294504
NFD 3283 2663 0.091800
NFE 12217 3754 0.676382
NFF 4411 6388 0.719352
NFG 8630 2438 0.690939
NFH 9658 8861 0.484298
NFI 2416 920 0.488937
NFJ 11714 11626 0.555895
NFK 3965 6557 0.446150
NFL 2255 4147 0.516434
NFM 5470 5461 0.112064
NFN 11903 2129 0.859951
NFO 3356 9904 0.692099
NFP 12931 13501 0.552080
NFQ 1348 12028 0.211737
NFR 110 10276 0.900693
NFS 12242 14279 0.895474
NFT 805 2032 0.596423
NFU 8653 10430 0.787225
NFV 3767 7177 0.442427
NFW 13880 701 0.868831
NFX 12355 5140 0.120975
NFY 5972 6740 0.518906
NFZ 7256 12730 0.472793
NGA 3248 6959 0.728935
NGB 4297 1124 0.312693
NGC 13177 1093 0.673177
NGD 2621 311 0.902036
NGE 11884 2980 0.646260
NGF 4900 3793 0.965087
NGG 11287 4954 0.657369
NGH 8780 8417 0.701224
NGI 3088 6527 0.728996
NGJ 5264 1465 0.731315
NGK 14893 13955 0.818964
NGL 13637 13697 0.449416
NGM 4142 7018 0.885800
NGN 3091 5552 0.957030
NGO 6416 7541 0.582720
NGP 691 13462 0.757134
NGQ 7009 1514 0.010681
NGR 10451 2615 0.811975
NGS 1480 5782 0.519333
NGT 2327 1337 0.535752
NGU 13135 8404 0.334117
NGV 5468 638 0.939421
NGW 14383 6019 0.439680
NGX 7684 11614 0.581469
NGY 7912 10843 0.283456
NGZ 7985 11900 0.341655
NHA 3076 8363 0.107822
NHB 59 9179 0.442244
NHC 10825 14903 0.697531
NHD 14707 11987 0.720817
NHE 9371 12431 0.667501
NHF 13351 914 0.037019
NHG 13799 13670 0.737815
NHH 14078 11828 0.993286
NHI 1945 4444 0.374554
NHJ 9892 4177 0.995270
NHK 6647 1070 0.341166
NHL 7903 11350 0.196783
NHM 3877 10457 0.730461
NHN 7550 2758 0.186102
NHO 11968 2168 0.557024
NHP 8425 9017 0.509049
NHQ 8797 625 0.609302
NHR 6928 11675 0.405957
NHS 6032 13247 0.613208
NHT 10373 1109 0.595996
NHU 4111 2675 0.473281
NHV 1364 10084 0.692618
NHW 2899 12055 0.053926
NHX 12335 11356 0.009339
NHY 5503 9734 0.269417
NHZ 2275 8452 0.235328
NIA 9836 1474 0.794000
NIB 2300 4267 0.851405
NIC 3505 13865 0.101779
NID 5065 7796 0.349406
NIE 35 5104 0.432569
NIF 14731 3368 0.426252
NIG 2087 10261 0.272897
NIH 4001 4099 0.483840
NII 9389 919 0.670492
NIJ 12446 247 0.096194
NIK 12938 3101 0.788079
NIL 8744 4087 0.730888
NIM 1901 10276 0.174932
NIN 13415 9062 0.061892
NIO 40 2611 0.916196
NIP 14225 12103 0.806482
NIQ 12280 4475 0.735191
NIR 12841 4723 0.285073
NIS 11618 1898 0.901212
NIT 34 4079 0.970031
NIU 14081 12758 0.052736
NIV 5048 4571 0.272439
NIW 4142 4139 0.417310
NIX 757 6905 0.852382
NIY 5624 10628 0.010559
NIZ 11405 1762 0.940153
NJA 6215 3494 0.862606
NJB 4556 7505 0.660878
NJC 7774 6532 0.764061
NJD 2015 5756 0.276345
NJE 10520 13634 0.083743
NJF 14687 12278 0.729881
NJG 6601 14945 0.498306
NJH 7399 184 0.022156
NJI 10628 14984 0.626545
NJJ 88 8027 0.885983
NJK 4154 2306 0.195044
NJL 11381 10675 0.088168
NJM 7454 9391 0.105380
NJN 14404 14819 0.596240
NJO 8002 326 0.253243
NJP 7936 14693 0.926603
NJQ 2500 674 0.785638
NJR 3458 11509 0.368542
NJS 12664 3316 0.306711
NJT 14893 6926 0.577013
NJU 1571 7681 0.972625
NJV 8866 7157 0.372478
NJW 2752 13229 0.082919
NJX 12337 11977 0.604663
NJY 1117 7175 0.301157
NJZ 14537 1019 0.749901
NKA 7663 12148 0.646626
NKB 6835 6502 0.650227
NKC 13396 8962 0.519120
NKD 6274 2810 0.583331
NKE 1754 5365 0.871670
NKF 1016 4978 0.809473
NKG 11972 8284 0.858760
NKH 7877 13991 0.991791
NKI 1561 3821 0.485580
NKJ 3865 7021 0.561937
NKK 11765 12790 0.589984
NKL 13873 995 0.321909
NKM 3991 2299 0.529740
NKN 425 425 0.467086
NKO 6197 2455 0.848720
NKP 685 6220 0.903775
NKQ 5353 761 0.579455
NKR 3541 2173 0.346721
NKS 4043 13013 0.334574
NKT 5599 1990 0.339732
NKU 14210 1499 0.567644
NKV 5078 9640 0.172674
NKW 5716 9796 0.971496
NKX 10153 12151 0.795495
NKY 737 9005 0.555681
NKZ 12212 1184 0.378124
NLA 2902 727 0.124638
NLB 2488 5938 0.261452
NLC 14461 4160 0.295328
NLD 3089 3271 0.811579
NLE 14957 1147 0.468245
NLF 12770 10315 0.254036
NLG 1342 13862 0.925291
NLH 13292 8146 0.052187
NLI 4673 13543 0.097079
NLJ 3451 13033 0.924772
NLK 2377 10451 0.646413
NLL 3023 3616 0.305277
NLM 9154 13981 0.976226
NLN 10645 1765 0.046419
NLO 2029 10777 0.719260
NLP 2605 8776 0.596301
NLQ 6733 2437 0.322062
NLR 7114 8767 0.845180
NLS 5932 2015 0.627369
NLT 3421 4114 0.482772
NLU 13337 3767 0.009186
NLV 4039 11941 0.146672
NLW 9953 7508 0.750572
NLX 10469 7036 0.002441
NLY 8980 6620 0.595996
NLZ 4049 14705 0.805902
NMA 13073 1208 0.391736
NMB 9308 5644 0.076388
NMC 4624 2155 0.063143
NMD 13190 3937 0.888424
NME 8713 1528 0.500748
NMF 6035 11719 0.086093
NMG 2651 3604 0.859340
NMH 985 6871 0.572741
NMI 5467 803 0.939512
NMJ 2486 14998 0.843043
NMK 956 6484 0.346477
NML 5689 1813 0.242012
NMM 7442 8554 0.631642
NMN 11737 14509 0.669637
NMO 14108 9565 0.239814
NMP 7778 7202 0.733848
NMQ 7963 10588 0.440992
NMR 328 9235 0.810205
NMS 12364 2792 0.135563
NMT 8117 13606 0.217109
NMU 7343 13922 0.121982
NMV 14833 8011 0.890957
NMW 6019 6805 0.720206
NMX 518 9133 0.664632
NMY 14620 3523 0.186407
NMZ 3271 7376 0.647176
NNA 2851 8372 0.755303
NNB 13181 313 0.389874
NNC 8827 7658 0.029450
NND 4147 10252 0.637165
NNE 7489 3089 0.431288
NNF 883 3128 0.617512
NNG 2924 12931 0.159886
NNH 8446 11957 0.160955
NNI 8090 470 0.184423
NNJ 5336 12895 0.555284
NNK 1175 13900 0.877041
NNL 3979 10079 0.103061
NNM 8392 4610 0.570025
NNN 2377 7760 0.936949
NNO 2950 7630 0.238807
NNP 14452 1402 0.917600
NNQ 4601 5269 0.286233
NNR 12647 3461 0.504532
NNS 6224 7393 0.664876
NNT 4748 5563 0.474837
NNU 6023 13555 0.942228
NNV 1028 11777 0.398999
NNW 6401 1420 0.017853
NNX 671 1324 0.988037
NNY 5584 2183 0.663778
NNZ 3956 2939 0.927488
NOA 6908 5300 0.507096
NOB 2498 4139 0.738578
NOC 14170 13351 0.130802
NOD 9868 13315 0.676534
NOE 7219 499 0.258400
NOF 1789 118 0.819330
NOG 13222 4381 0.140385
NOH 14641 7109 0.439741
NOI 3230 4295 0.893429
NOJ 2753 1777 0.613849
NOK 12905 14285 0.288553
NOL 11908 12559 0.928648
NOM 12911 7783 0.962706
NON 10999 1616 0.230781
NOO 2663 9503 0.865352
NOP 1145 7310 0.735313
NOQ 652 13802 0.575823
NOR 9778 6934 0.612354
NOS 14953 2821 0.556230
NOT 3506 3242 0.515915
NOU 4906 7520 0.072909
NOV 14444 12970 0.534989
NOW 1523 8242 0.044099
NOX 3946 461 0.863674
NOY 796 5375 0.080416
NOZ 10172 400 0.221564
NPA 12758 1115 0.105411
NPB 11342 7594 0.839930
NPC 12250 6143 0.795740
NPD 13327 8072 0.783807
NPE 7928 8281 0.293924
NPF 14374 4604 0.632313
NPG 4670 3236 0.844050
NPH 6962 10777 0.213172
NPI 1294 4376 0.806574
NPJ 4766 10211 0.308329
NPK 13405 5867 0.551134
NPL 8080 3400 0.139683
NPM 11464 14315 0.624256
NPN 11642 7811 0.133915
NPO 665 14327 0.976012
NPP 3037 10687 0.076785
NPQ 10817 7006 0.522019
NPR 10901 12674 0.424604
NPS 12998 7735 0.546892
NPT 7859 12959 0.371593
NPU 12572 5893 0.042146
NPV 1879 13570 0.398938
NPW 3359 8591 0.644795
NPX 8273 2918 0.578570
NPY 11114 3002 0.023774
NPZ 10889 10634 0.002777
NQA 5995 2596 0.977752
NQB 9464 12272 0.476211
NQC 14269 11405 0.782952
NQD 742 1972 0.172643
NQE 11351 11323 0.089938
NQF 14506 3926 0.444685
NQG 7303 10994 0.536760
NQH 9836 9016 0.507553
NQI 6727 3049 0.849574
NQJ 14957 8060 0.423872
NQK 14585 13319 0.165502
NQL 6524 10691 0.817682
NQM 10820 1573 0.258492
NQN 1552 7276 0.169958
NQO 2299 413 0.906461
NQP 9490 556 0.518845
NQQ 1124 103 0.428571
NQR 12031 8762 0.029847
NQS 6418 7660 0.072787
NQT 814 12706 0.341350
NQU 4024 12637 0.066927
NQV 12859 2720 0.951628
NQW 10762 344 0.392132
NQX 7163 6677 0.321909
NQY 3965 11551 0.315622
NQZ 6455 9809 0.950346
NRA 1420 9929 0.057375
NRB 13043 319 0.547899
NRC 3454 8600 0.287790
NRD 2120 6179 0.747581
NRE 11213 8909 0.084750
NRF 6563 5779 0.621937
NRG 9995 7532 0.145360
NRH 3887 14728 0.803522
NRI 14675 13574 0.071810
NRJ 7679 12707 0.316019
NRK 12634 2879 0.061342
NRL 362 13565 0.460341
NRM 9898 2714 0.949858
NRN 11449 1393 0.384014
NRO 3479 8830 0.910550
NRP 2908 5260 0.415784
NRQ 10879 9797 0.824122
NRR 11812 7246 0.000946
NRS 5087 3827 0.032502
NRT 3245 6343 0.245430
NRU 5198 12683 0.495590
NRV 10439 14455 0.798059
NRW 9991 8779 0.911008
NRX 2515 8896 0.192694
NRY 14612 1706 0.758324
NRZ 577 8485 0.962127
NSA 9046 1324 0.112339
NSB 4580 4435 0.945036
NSC 2842 5014 0.065676
NSD 2123 13757 0.368389
NSE 14863 4700 0.328196
NSF 4903 2135 0.615162
NSG 8794 3863 0.659841
NSH 6092 998 0.215155
NSI 11246 3833 0.864895
NSJ 9232 8140 0.646443
NSK 4393 13378 0.757439
NSL 9692 6353 0.128941
NSM 14809 13799 0.424238
NSN 11935 11998 0.860469
NSO 3953 13823 0.886074
NSP 13561 12185 0.209510
NSQ 8924 4055 0.518845
NSR 10619 3310 0.365978
NSS 13048 3098 0.964629
NST 2489 3599 0.982788
NSU 12812 10274 0.366100
NSV 1913 3187 0.548387
NSW 11510 8026 0.221656
NSX 14194 12566 0.730735
NSY 11749 1490 0.604328
NSZ 11741 10652 0.857326
NTA 12715 8939 0.545457
NTB 10391 8000 0.167119
NTC 2888 1714 0.674947
NTD 4099 2735 0.612384
NTE 11095 7315 0.359203
NTF 9359 1639 0.927641
NTG 9406 2074 0.214515
NTH 4136 6506 0.545061
NTI 11957 13181 0.615680
NTJ 2729 7475 0.843135
NTK 7256 2747 0.300180
NTL 2854 8695 0.295541
NTM 2812 11062 0.004517
NTN 14182 7919 0.464888
NTO 826 13117 0.892483
NTP 5335 1033 0.583544
